No., Day,DD,MMM,YYYY, N1,N2,N3,N4,N5,L1,L2,  Jackpot,   Wins
1252, Fri,20,Sep,2019, 25,50,21,38,08,04,08, 167609701,    0
1251, Tue,17,Sep,2019, 22,45,43,44,37,01,12, 155282163,    0
1250, Fri,13,Sep,2019, 12,01,42,47,27,06,07, 145566007,    0
1249, Tue,10,Sep,2019, 03,30,49,25,22,03,06, 134122038,    0
1248, Fri, 6,Sep,2019, 13,22,40,10,48,05,02, 125665319,    0
1247, Tue, 3,Sep,2019, 44,11,38,07,39,10,07, 116404085,    0
1246, Fri,30,Aug,2019, 45,49,27,46,25,06,04, 107759330,    0
1245, Tue,27,Aug,2019, 26,08,35,47,43,09,01,  97958413,    0
1244, Fri,23,Aug,2019, 04,17,42,45,35,08,02,  91533020,    0
1243, Tue,20,Aug,2019, 23,24,22,20,37,01,04,  83338679,    0
1242, Fri,16,Aug,2019, 09,42,10,27,37,01,05,  77208525,    0
1241, Tue,13,Aug,2019, 31,13,33,29,40,02,03,  70899768,    0
1240, Fri, 9,Aug,2019, 35,41,14,02,42,11,10,  65218898,    0
1239, Tue, 6,Aug,2019, 38,12,29,36,13,04,12,  52917787,    0
1238, Fri, 2,Aug,2019, 33,44,13,22,50,05,02,  43958121,    0
1237, Tue,30,Jul,2019, 15,27,23,40,20,03,06,  33364792,    0
1236, Fri,26,Jul,2019, 27,02,42,05,37,10,03,  25032609,    0
1235, Tue,23,Jul,2019, 38,19,23,01,14,07,03,  15254100,    0
1234, Fri,19,Jul,2019, 26,17,13,14,28,07,02,  96710509,    1
1233, Tue,16,Jul,2019, 05,13,18,39,03,08,07,  88185562,    0
1232, Fri,12,Jul,2019, 02,31,39,45,47,08,04,  81180289,    0
1231, Tue, 9,Jul,2019, 32,07,41,36,29,07,06,  73547916,    0
1230, Fri, 5,Jul,2019, 20,02,42,34,09,09,06,  67458174,    0
1229, Tue, 2,Jul,2019, 19,44,11,29,45,12,08,  60173279,    0
1228, Fri,28,Jun,2019, 01,33,03,49,16,02,11,  51583856,    0
1227, Tue,25,Jun,2019, 27,34,06,26,46,01,09,  40597881,    0
1226, Fri,21,Jun,2019, 09,08,39,25,05,03,07,  32775384,    0
1225, Tue,18,Jun,2019, 44,40,12,37,24,03,07,  22579505,    0
1224, Fri,14,Jun,2019, 30,01,39,13,31,02,07,  15152100,    0
1223, Tue,11,Jun,2019, 27,46,42,25,39,11,12, 123458008,    1
1222, Fri, 7,Jun,2019, 34,16,04,01,20,02,05, 115726000,    0
1221, Tue, 4,Jun,2019, 31,32,09,39,41,08,02,  22504557,    0
1220, Fri,31,May,2019, 01,26,23,35,24,11,01,  15034800,    0
1219, Tue,28,May,2019, 28,07,29,19,20,01,05,  28837305,    2
1218, Fri,24,May,2019, 05,30,49,23,16,07,06,  49736732,    0
1217, Tue,21,May,2019, 47,32,34,33,39,12,08,  39211724,    0
1216, Fri,17,May,2019, 42,16,28,43,45,06,07,  31674666,    0
1215, Tue,14,May,2019, 14,25,50,10,17,02,10,  21687521,    0
1214, Fri,10,May,2019, 01,45,27,04,48,07,01,  14694800,    0
1213, Tue, 7,May,2019, 32,20,47,07,26,02,11,  21438454,    1
1212, Fri, 3,May,2019, 02,20,27,43,09,05,06,  14467000,    0
1211, Tue,30,Apr,2019, 20,26,12,48,05,02,11,  21815835,    1
1210, Fri,26,Apr,2019, 33,35,50,47,14,11,09,  14682900,    0
1209, Tue,23,Apr,2019, 23,44,18,27,42,07,02,  38254645,    1
1208, Fri,19,Apr,2019, 32,49,08,07,41,11,05,  31273852,    0
1207, Tue,16,Apr,2019, 01,49,15,08,44,02,11,  21879091,    0
1206, Fri,12,Apr,2019, 46,28,01,35,36,06,09,  14701600,    0
1205, Tue, 9,Apr,2019, 38,41,18,29,21,01,11,  68329653,    1
1204, Fri, 5,Apr,2019, 07,45,10,01,29,05,03,  62771731,    0
1203, Tue, 2,Apr,2019, 09,26,16,02,36,06,07,  50833887,    0
1202, Fri,29,Mar,2019, 13,23,26,47,32,06,10,  43015001,    0
1201, Tue,26,Mar,2019, 47,43,19,23,12,02,06,  32010911,    0
1200, Fri,22,Mar,2019, 17,43,26,04,30,11,06,  24580716,    0
1199, Tue,19,Mar,2019, 09,06,01,47,34,12,07,  14552000,    0
1198, Fri,15,Mar,2019, 46,24,42,15,03,12,09,  71057439,    1
1197, Tue,12,Mar,2019, 05,13,07,19,31,09,02,  64356515,    0
1196, Fri, 8,Mar,2019, 40,17,24,19,18,08,04,  55265839,    0
1195, Tue, 5,Mar,2019, 16,10,46,39,06,08,11,  43294160,    0
1194, Fri, 1,Mar,2019, 09,19,26,31,06,12,11,  35148482,    0
1193, Tue,26,Feb,2019, 29,47,15,03,35,04,03,  22256333,    0
1192, Fri,22,Feb,2019, 50,33,29,03,27,07,03,  14773000,    0
1191, Tue,19,Feb,2019, 19,08,18,01,39,09,07, 152400366,    1
1190, Fri,15,Feb,2019, 49,38,27,34,15,02,10, 144375567,    0
1189, Tue,12,Feb,2019, 34,36,50,41,06,01,05, 133312302,    0
1188, Fri, 8,Feb,2019, 46,12,13,39,11,07,10, 123991632,    0
1187, Tue, 5,Feb,2019, 31,43,14,25,37,02,03, 113958151,    0
1186, Fri, 1,Feb,2019, 03,41,26,46,21,06,01, 105204000,    0
1185, Tue,29,Jan,2019, 39,14,24,32,26,08,03,  75051591,    0
1184, Fri,25,Jan,2019, 15,16,13,06,01,06,10,  68153942,    0
1183, Tue,22,Jan,2019, 29,49,41,09,23,08,10,  61621961,    0
1182, Fri,18,Jan,2019, 05,16,46,06,30,05,10,  53285987,    0
1181, Tue,15,Jan,2019, 33,22,35,25,29,03,06,  42137452,    0
1180, Fri,11,Jan,2019, 19,48,31,39,01,06,01,  34004534,    0
1179, Tue, 8,Jan,2019, 19,32,31,03,22,02,11,  23253235,    0
1178, Fri, 4,Jan,2019, 19,07,11,37,27,10,06,  15228600,    0
1177, Tue, 1,Jan,2019, 11,25,08,28,01,04,06, 114969776,    1
1176, Fri,28,Dec,2018, 34,16,35,45,13,10,12, 108543762,    0
1175, Tue,25,Dec,2018, 08,04,43,31,05,09,02,  99026381,    0
1174, Fri,21,Dec,2018, 12,02,34,50,15,04,03,  92134454,    0
1173, Tue,18,Dec,2018, 01,18,39,48,09,07,05,  83057501,    0
1172, Fri,14,Dec,2018, 29,12,38,44,42,12,02,  76884342,    0
1171, Tue,11,Dec,2018, 04,13,07,42,23,01,03,  69712546,    0
1170, Fri, 7,Dec,2018, 17,11,37,48,26,01,10,  63478325,    0
1169, Tue, 4,Dec,2018, 21,19,45,20,42,08,09,  51799990,    0
1168, Fri,30,Nov,2018, 03,10,26,23,12,12,01,  43374190,    0
1167, Tue,27,Nov,2018, 17,16,04,32,18,11,02,  32439819,    0
1166, Fri,23,Nov,2018, 25,30,05,26,08,03,10,  24866684,    0
1165, Tue,20,Nov,2018, 06,48,19,45,39,07,12,  15130000,    0
1164, Fri,16,Nov,2018, 09,10,28,41,13,12,01,  44832935,    1
1163, Tue,13,Nov,2018, 10,07,13,02,42,06,03,  33184923,    0
1162, Fri, 9,Nov,2018, 49,17,37,32,14,11,12,  25702466,    0
1161, Tue, 6,Nov,2018, 14,36,24,43,40,02,09,  14832500,    0
1160, Fri, 2,Nov,2018, 15,37,05,17,44,11,07,  76369807,    1
1159, Tue,30,Oct,2018, 44,27,23,17,43,01,12,  70193991,    0
1158, Fri,26,Oct,2018, 05,31,18,21,35,06,09,  64245817,    0
1157, Tue,23,Oct,2018, 32,02,01,05,21,12,02,  52107396,    0
1156, Fri,19,Oct,2018, 01,03,47,29,48,12,03,  43581440,    0
1155, Tue,16,Oct,2018, 15,28,42,37,40,01,06,  32638799,    0
1154, Fri,12,Oct,2018, 31,04,12,43,09,08,05,  25070150,    0
1153, Tue, 9,Oct,2018, 03,45,44,12,36,11,08,  14873300,    0
1152, Fri, 5,Oct,2018, 16,08,26,35,24,11,03,  14948100,    1
1151, Tue, 2,Oct,2018, 45,29,37,07,17,11,03, 144603632,    1
1150, Fri,28,Sep,2018, 04,08,50,02,27,02,09, 135382686,    0
1149, Tue,25,Sep,2018, 38,06,20,30,15,04,07, 124411811,    0
1148, Fri,21,Sep,2018, 05,07,37,25,21,03,04, 116870000,    0
1147, Tue,18,Sep,2018, 10,32,45,08,03,04,12,  40651934,    0
1146, Fri,14,Sep,2018, 45,40,33,01,03,04,03,  32776219,    0
1145, Tue,11,Sep,2018, 32,18,09,38,46,02,03,  22382447,    0
1144, Fri, 7,Sep,2018, 50,31,27,04,23,01,08,  15216700,    0
1143, Tue, 4,Sep,2018, 47,05,28,30,14,11,04,  40979973,    1
1142, Fri,31,Aug,2018, 04,42,30,38,31,04,06,  32721629,    0
1141, Tue,28,Aug,2018, 42,46,04,16,32,12,08,  22758649,    0
1140, Fri,24,Aug,2018, 31,36,50,14,03,12,01,  15393500,    0
1139, Tue,21,Aug,2018, 43,16,49,23,42,12,10,  96785706,    1
1138, Fri,17,Aug,2018, 18,24,02,43,15,08,12,  89766677,    0
1137, Tue,14,Aug,2018, 31,01,15,25,18,09,11,  81090231,    0
1136, Fri,10,Aug,2018, 43,44,20,18,36,09,03,  75029181,    0
1135, Tue, 7,Aug,2018, 30,29,28,36,16,10,08,  67719962,    0
1134, Fri, 3,Aug,2018, 26,38,36,43,07,12,06,  61780382,    0
1133, Tue,31,Jul,2018, 25,34,20,42,45,06,11,  50637585,    0
1132, Fri,27,Jul,2018, 17,23,11,22,41,11,06,  42386533,    0
1131, Tue,24,Jul,2018, 40,23,02,04,39,03,09,  32023423,    0
1130, Fri,20,Jul,2018, 15,02,43,40,46,03,06,  24941396,    0
1129, Tue,17,Jul,2018, 04,50,06,27,48,01,11,  15126600,    0
1128, Fri,13,Jul,2018, 49,14,04,01,21,02,12,  15021200,    1
1127, Tue,10,Jul,2018, 03,33,26,08,45,10,07,  57975368,    1
1126, Fri, 6,Jul,2018, 30,08,48,33,38,10,02,  49801491,    0
1125, Tue, 3,Jul,2018, 15,29,12,48,01,05,03,  39091736,    0
1124, Fri,29,Jun,2018, 15,21,40,23,48,03,12,  31647298,    0
1123, Tue,26,Jun,2018, 20,34,16,15,50,07,04,  21730843,    0
1122, Fri,22,Jun,2018, 44,39,41,14,25,08,02,  14960000,    0
1121, Tue,19,Jun,2018, 26,07,19,50,42,09,04,  31809040,    1
1120, Fri,15,Jun,2018, 26,23,49,33,38,01,12,  24560828,    0
1119, Tue,12,Jun,2018, 36,38,23,21,07,06,08,  14954900,    0
1118, Fri, 8,Jun,2018, 43,46,08,32,19,08,02,  14931100,    1
1117, Tue, 5,Jun,2018, 39,46,09,22,15,05,04,  14886900,    1
1116, Fri, 1,Jun,2018, 29,17,40,24,18,04,05,  34972315,    2
1115, Tue,29,May,2018, 20,43,06,38,11,04,02,  57637756,    0
1114, Fri,25,May,2018, 13,16,15,41,28,04,05,  50089464,    0
1113, Tue,22,May,2018, 48,11,01,37,41,08,12,  39384424,    0
1112, Fri,18,May,2018, 08,31,05,10,13,06,03,  32040070,    0
1111, Tue,15,May,2018, 20,16,04,31,39,02,12,  22065747,    0
1110, Fri,11,May,2018, 22,34,03,50,49,11,08,  15004200,    0
1109, Tue, 8,May,2018, 17,35,25,39,44,05,02,  39948586,    1
1108, Fri, 4,May,2018, 23,06,12,45,39,12,09,  32659632,    0
1107, Tue, 1,May,2018, 48,42,15,17,06,04,06,  21805469,    0
1106, Fri,27,Apr,2018, 24,40,12,41,46,05,12,  14958300,    0
1105, Tue,24,Apr,2018, 28,44,30,23,20,03,07, 121328187,    1
1104, Fri,20,Apr,2018, 44,39,03,25,16,11,07, 114010000,    0
1103, Tue,17,Apr,2018, 39,15,33,27,50,06,04,  22289222,    0
1102, Fri,13,Apr,2018, 48,50,34,25,05,07,06,  14740700,    0
1101, Tue,10,Apr,2018, 48,14,39,46,27,11,12,  14829100,    1
1100, Fri, 6,Apr,2018, 45,47,29,33,01,04,08,  66429609,    1
1099, Tue, 3,Apr,2018, 43,03,40,16,08,08,05,  59156133,    0
1098, Fri,30,Mar,2018, 35,47,28,17,12,07,11,  51598288,    0
1097, Tue,27,Mar,2018, 46,40,20,23,17,09,10,  40629122,    0
1096, Fri,23,Mar,2018, 46,05,50,07,11,11,08,  32771739,    0
1095, Tue,20,Mar,2018, 44,39,29,26,37,09,11,  22265427,    0
1094, Fri,16,Mar,2018, 31,04,27,24,17,11,10,  14992300,    0
1093, Tue,13,Mar,2018, 11,09,13,33,49,12,06,  54643467,    1
1092, Fri, 9,Mar,2018, 44,09,14,21,32,12,01,  45846428,    0
1091, Tue, 6,Mar,2018, 26,44,20,31,15,02,09,  34392263,    0
1090, Fri, 2,Mar,2018, 02,07,34,48,45,01,12,  26096672,    0
1089, Tue,27,Feb,2018, 48,31,03,41,50,11,08,  14956600,    0
1088, Fri,23,Feb,2018, 18,17,28,47,10,03,07,  77798898,    2
1087, Tue,20,Feb,2018, 06,25,14,19,29,11,05, 142157622,    0
1086, Fri,16,Feb,2018, 23,32,50,12,10,10,04, 133365227,    0
1085, Tue,13,Feb,2018, 13,44,10,21,17,10,01, 123305866,    0
1084, Fri, 9,Feb,2018, 38,22,31,44,36,11,01, 114539544,    0
1083, Tue, 6,Feb,2018, 08,28,17,38,34,06,12, 104423108,    0
1082, Fri, 2,Feb,2018, 36,39,34,14,48,02,03,  95972671,    0
1081, Tue,30,Jan,2018, 11,15,35,27,21,05,04,  86173606,    0
1080, Fri,26,Jan,2018, 28,15,24,48,06,09,04,  79917041,    0
1079, Tue,23,Jan,2018, 05,23,08,09,24,07,08,  71872851,    0
1078, Fri,19,Jan,2018, 44,03,17,50,08,02,07,  66212715,    0
1077, Tue,16,Jan,2018, 46,34,31,20,23,03,12,  54434216,    0
1076, Fri,12,Jan,2018, 45,30,21,13,23,06,04,  45394452,    0
1075, Tue, 9,Jan,2018, 06,49,38,12,15,09,02,  33484288,    0
1074, Fri, 5,Jan,2018, 41,38,20,05,02,04,08,  25687589,    0
1073, Tue, 2,Jan,2018, 20,10,21,48,28,01,08,  15084100,    0
1072, Fri,29,Dec,2017, 04,48,08,22,23,01,12,  34588069,    1
1071, Tue,26,Dec,2017, 30,04,17,44,43,10,02,  21951423,    0
1070, Fri,22,Dec,2017, 05,30,24,31,43,03,06,  15089200,    0
1069, Tue,19,Dec,2017, 15,38,46,08,30,04,07, 119876081,    1
1068, Fri,15,Dec,2017, 25,42,30,50,31,11,02, 111674784,    0
1067, Tue,12,Dec,2017, 39,20,37,50,44,04,08, 101938670,    0
1066, Fri, 8,Dec,2017, 34,32,22,30,04,04,03,  94304641,    0
1065, Tue, 5,Dec,2017, 48,11,44,43,36,02,07,  85788778,    0
1064, Fri, 1,Dec,2017, 05,46,29,35,24,11,12,  79577293,    0
1063, Tue,28,Nov,2017, 42,01,12,06,18,02,07,  71866782,    0
1062, Fri,24,Nov,2017, 28,24,50,19,30,10,03,  66743323,    0
1061, Tue,21,Nov,2017, 31,28,10,02,14,07,05,  54215274,    0
1060, Fri,17,Nov,2017, 35,36,26,42,20,05,12,  46135062,    0
1059, Tue,14,Nov,2017, 16,40,39,41,14,08,10,  34502478,    0
1058, Fri,10,Nov,2017, 37,36,29,22,13,01,09,  26361644,    0
1057, Tue, 7,Nov,2017, 37,19,41,20,07,12,02,  14970200,    0
1056, Fri, 3,Nov,2017, 41,05,33,17,12,04,09,  25476778,    1
1055, Tue,31,Oct,2017, 46,12,43,36,01,03,05,  14919200,    0
1054, Fri,27,Oct,2017, 39,23,16,32,03,01,04,  15011000,    1
1053, Tue,24,Oct,2017, 27,09,33,13,11,10,07,  58670142,    1
1052, Fri,20,Oct,2017, 04,27,23,30,17,03,08,  49712130,    0
1051, Tue,17,Oct,2017, 19,26,17,13,36,02,03,  37871775,    0
1050, Fri,13,Oct,2017, 23,37,50,29,45,05,11,  29491384,    0
1049, Tue,10,Oct,2017, 36,04,37,21,34,06,03,  15209900,    0
1048, Fri, 6,Oct,2017, 15,01,09,25,19,01,07, 170810000,    1
1047, Tue, 3,Oct,2017, 32,06,50,24,48,01,05, 168701000,    0
1046, Fri,29,Sep,2017, 18,32,07,48,19,03,07, 157898325,    0
1045, Tue,26,Sep,2017, 40,29,01,48,41,12,06, 143626132,    0
1044, Fri,22,Sep,2017, 06,31,39,42,11,03,01, 134911784,    0
1043, Tue,19,Sep,2017, 45,21,01,08,30,03,02, 123904174,    0
1042, Fri,15,Sep,2017, 44,49,13,18,37,09,12, 114504000,    0
1041, Tue,12,Sep,2017, 35,17,29,10,27,04,11,  33717075,    0
1040, Fri, 8,Sep,2017, 42,47,24,49,09,01,05,  25993675,    0
1039, Tue, 5,Sep,2017, 28,18,29,06,09,09,01,  15560100,    0
1038, Fri, 1,Sep,2017, 08,07,03,14,49,05,08,  25914013,    1
1037, Tue,29,Aug,2017, 04,12,32,15,38,01,05,  15767500,    0
1036, Fri,25,Aug,2017, 15,07,01,47,05,09,12,  15735200,    1
1035, Tue,22,Aug,2017, 10,12,17,03,27,03,05,  40510685,    1
1034, Fri,18,Aug,2017, 39,42,24,45,02,02,08,  32520149,    0
1033, Tue,15,Aug,2017, 14,30,46,10,35,04,10,  22117219,    0
1032, Fri,11,Aug,2017, 39,48,28,46,18,12,05,  15449600,    0
1031, Tue, 8,Aug,2017, 26,15,40,25,41,04,05,  33089644,    1
1030, Fri, 4,Aug,2017, 29,30,41,40,36,09,02,  25529274,    0
1029, Tue, 1,Aug,2017, 29,24,21,30,14,10,08,  15208200,    0
1028, Fri,28,Jul,2017, 41,09,31,05,29,04,02,  51702050,    1
1027, Tue,25,Jul,2017, 14,44,43,48,12,11,02,  40445365,    0
1026, Fri,21,Jul,2017, 08,01,26,49,09,09,05,  32874047,    0
1025, Tue,18,Jul,2017, 41,27,01,45,25,07,05,  22265567,    0
1024, Fri,14,Jul,2017, 21,14,20,47,11,10,07,  14900500,    0
1023, Tue,11,Jul,2017, 50,26,42,22,14,08,10,  15189500,    1
1022, Fri, 7,Jul,2017, 45,37,20,35,11,03,06,  25663715,    1
1021, Tue, 4,Jul,2017, 22,25,10,37,49,08,05,  14943000,    0
1020, Fri,30,Jun,2017, 35,50,39,17,47,06,08,  87570000,    1
1019, Tue,27,Jun,2017, 45,17,21,09,28,01,03,  70127201,    0
1018, Fri,23,Jun,2017, 04,31,21,03,38,03,07,  64082100,    0
1017, Tue,20,Jun,2017, 44,43,11,18,26,08,10,  52594374,    0
1016, Fri,16,Jun,2017, 38,42,15,17,41,09,12,  44150291,    0
1015, Tue,13,Jun,2017, 12,03,22,27,49,11,04,  33506785,    0
1014, Fri, 9,Jun,2017, 09,39,27,20,43,11,10,  25684767,    0
1013, Tue, 6,Jun,2017, 25,40,20,22,37,07,03,  14866500,    0
1012, Fri, 2,Jun,2017, 08,42,33,24,10,09,03, 134808762,    1
1011, Tue,30,May,2017, 27,48,38,12,07,09,06, 121851562,    0
1010, Fri,26,May,2017, 36,05,39,07,26,02,10, 113475960,    0
1009, Tue,23,May,2017, 15,08,42,25,27,01,04, 102101430,    0
1008, Fri,19,May,2017, 30,12,09,19,11,09,04,  93927013,    0
1007, Tue,16,May,2017, 20,08,30,11,15,03,08,  84319251,    0
1006, Fri,12,May,2017, 02,28,29,44,20,03,09,  76813393,    0
1005, Tue, 9,May,2017, 26,22,16,12,08,07,06,  68249429,    0
1004, Fri, 5,May,2017, 07,43,30,03,35,01,03,  63162406,    0
1003, Tue, 2,May,2017, 27,25,19,06,23,12,11,  55848627,    0
1002, Fri,28,Apr,2017, 20,25,30,39,14,08,02,  48309589,    0
1001, Tue,25,Apr,2017, 11,09,32,19,43,03,09,  38059267,    0
1000, Fri,21,Apr,2017, 02,13,22,49,16,04,05,  30153753,    0
999, Tue,18,Apr,2017, 22,17,45,38,31,12,05,  20624201,    0
998, Fri,14,Apr,2017, 33,20,04,14,23,06,10,  14422800,    0
997, Tue,11,Apr,2017, 22,05,31,49,21,08,02,  70887897,    1
996, Fri, 7,Apr,2017, 35,10,02,50,19,07,06,  65668144,    0
995, Tue, 4,Apr,2017, 24,33,09,01,34,02,06,  58513592,    0
994, Fri,31,Mar,2017, 24,26,45,17,28,04,12,  49849009,    0
993, Tue,28,Mar,2017, 33,13,46,09,31,06,10,  39630350,    0
992, Fri,24,Mar,2017, 02,21,17,27,34,05,09,  31918888,    0
991, Tue,21,Mar,2017, 47,23,20,44,01,11,04,  21818290,    0
990, Fri,17,Mar,2017, 19,29,36,06,10,09,03,  14742400,    0
989, Tue,14,Mar,2017, 21,05,44,36,03,03,06,  70386999,    1
988, Fri,10,Mar,2017, 38,49,31,47,36,08,11,  64931865,    0
987, Tue, 7,Mar,2017, 06,37,50,41,48,05,04,  51910688,    0
986, Fri, 3,Mar,2017, 47,02,11,29,30,12,01,  43311596,    0
985, Tue,28,Feb,2017, 35,31,10,42,20,02,12,  31923442,    0
984, Fri,24,Feb,2017, 13,02,43,22,04,08,09,  24449171,    0
983, Tue,21,Feb,2017, 19,41,49,13,45,04,03,  14383700,    0
982, Fri,17,Feb,2017, 25,19,33,36,48,02,09,  14509500,    1
981, Tue,14,Feb,2017, 44,40,24,02,10,03,10,  19987961,    2
980, Fri,10,Feb,2017, 43,26,07,35,21,09,02,  32204121,    0
979, Tue, 7,Feb,2017, 44,38,04,31,10,10,08,  21809971,    0
978, Fri, 3,Feb,2017, 03,04,50,46,15,09,05,  14686300,    0
977, Tue,31,Jan,2017, 04,17,44,23,03,06,09,  22233944,    1
976, Fri,27,Jan,2017, 28,45,20,17,48,09,05,  14495900,    0
975, Tue,24,Jan,2017, 05,01,23,17,07,03,08,  76052175,    1
974, Fri,20,Jan,2017, 17,10,27,49,31,03,05,  70419453,    0
973, Tue,17,Jan,2017, 43,04,25,16,47,10,02,  62366698,    0
972, Fri,13,Jan,2017, 16,07,50,03,26,04,07,  53936316,    0
971, Tue,10,Jan,2017, 44,29,35,11,02,04,09,  40259650,    0
970, Fri, 6,Jan,2017, 21,14,49,10,18,09,11,  31898943,    0
969, Tue, 3,Jan,2017, 34,27,49,23,19,11,01,  21591336,    0
968, Fri,30,Dec,2016, 10,22,29,47,08,01,03,  14538400,    0
967, Tue,27,Dec,2016, 32,22,39,25,03,07,12,  21534783,    1
966, Fri,23,Dec,2016, 46,39,16,20,04,05,02,  14487400,    0
965, Tue,20,Dec,2016, 15,27,13,21,17,03,02,  51875129,    1
964, Fri,16,Dec,2016, 10,45,06,41,30,11,04,  43003166,    0
963, Tue,13,Dec,2016, 28,50,48,29,14,08,02,  32050401,    0
962, Fri, 9,Dec,2016, 06,40,37,28,12,01,05,  24450957,    0
961, Tue, 6,Dec,2016, 27,01,07,11,45,09,04,  14392200,    0
960, Fri, 2,Dec,2016, 23,32,06,11,31,02,12,  24662130,    1
959, Tue,29,Nov,2016, 38,27,21,28,26,11,09,  14494200,    0
958, Fri,25,Nov,2016, 28,23,05,11,17,10,11,  26009712,    2
957, Tue,22,Nov,2016, 47,10,05,33,34,10,02,  40546633,    0
956, Fri,18,Nov,2016, 32,27,12,47,03,08,06,  32720430,    0
955, Tue,15,Nov,2016, 42,07,15,36,48,03,07,  22092234,    0
954, Fri,11,Nov,2016, 38,49,03,22,23,09,02,  14648900,    0
953, Tue, 8,Nov,2016, 49,47,09,50,05,09,08,  35072281,    1
952, Fri, 4,Nov,2016, 07,11,12,48,44,07,03,  26830014,    0
951, Tue, 1,Nov,2016, 10,20,06,37,29,09,01,  15362900,    0
950, Fri,28,Oct,2016, 23,43,10,19,16,08,02,  15667698,    1
949, Tue,25,Oct,2016, 28,15,21,03,20,05,01,  44777159,    1
948, Fri,21,Oct,2016, 48,09,23,20,44,10,08,  35497880,    0
947, Tue,18,Oct,2016, 02,25,17,21,27,09,06,  23638239,    0
946, Fri,14,Oct,2016, 31,34,19,07,13,11,01,  15330600,    0
945, Tue,11,Oct,2016, 12,37,20,24,05,04,11, 153361048,    1
944, Fri, 7,Oct,2016, 12,30,27,20,02,11,09, 140104641,    0
943, Tue, 4,Oct,2016, 04,38,07,14,34,04,11, 124041722,    0
942, Fri,30,Sep,2016, 35,44,17,37,43,10,02, 112697000,    0
941, Tue,27,Sep,2016, 41,06,13,39,09,02,12,  14671000,    0
940, Fri,23,Sep,2016, 14,39,42,49,16,09,03,  20683054,    1
939, Tue,20,Sep,2016, 45,41,04,01,10,09,06,  12900000,    0
938, Fri,16,Sep,2016, 32,05,22,08,14,02,11,  34037587,    1
937, Tue,13,Sep,2016, 44,16,04,07,35,03,01,  25859082,    0
936, Fri, 9,Sep,2016, 28,04,11,17,15,01,03,  20243965,    0
935, Tue, 6,Sep,2016, 45,12,34,24,30,07,10,  12579000,    0
934, Fri, 2,Sep,2016, 50,40,16,32,08,02,11,   6567504,    5
933, Tue,30,Aug,2016, 29,42,13,16,35,06,08,  25605853,    0
932, Fri,26,Aug,2016, 48,09,30,28,01,07,08,  20257321,    0
931, Tue,23,Aug,2016, 02,31,45,37,23,08,04,  12870000,    0
930, Fri,19,Aug,2016, 22,06,05,25,34,07,05,  47566032,    1
929, Tue,16,Aug,2016, 34,37,46,26,02,04,08,  39327773,    0
928, Fri,12,Aug,2016, 15,50,36,02,28,11,02,  33820376,    0
927, Tue, 9,Aug,2016, 19,43,44,12,45,10,05,  25724734,    0
926, Fri, 5,Aug,2016, 19,16,24,37,35,02,07,  20140295,    0
925, Tue, 2,Aug,2016, 27,46,38,02,08,02,06,  12612000,    0
924, Fri,29,Jul,2016, 40,26,50,01,21,04,02,  61102443,    1
923, Tue,26,Jul,2016, 13,49,10,45,03,11,02,  51731973,    0
922, Fri,22,Jul,2016, 26,45,24,07,37,09,05,  45790415,    0
921, Tue,19,Jul,2016, 24,37,19,28,36,06,03,  38223590,    0
920, Fri,15,Jul,2016, 02,11,14,13,21,01,08,  32611251,    0
919, Tue,12,Jul,2016, 26,03,41,33,07,02,10,  25081394,    0
918, Fri, 8,Jul,2016, 12,18,08,44,33,08,04,  20261530,    0
917, Tue, 5,Jul,2016, 38,29,10,48,01,04,03,  12760500,    0
916, Fri, 1,Jul,2016, 11,50,13,40,02,10,01,  20022696,    1
915, Tue,28,Jun,2016, 43,37,32,26,49,05,04,  12448500,    0
914, Fri,24,Jun,2016, 11,19,39,28,27,03,10,  32395415,    1
913, Tue,21,Jun,2016, 32,35,17,49,05,05,01,  23371931,    0
912, Fri,17,Jun,2016, 43,01,18,27,07,08,04,  18818757,    0
911, Tue,14,Jun,2016, 13,50,42,39,34,11,09,  11928000,    0
910, Fri,10,Jun,2016, 21,35,42,14,43,07,09,  67227348,    1
909, Tue, 7,Jun,2016, 26,49,19,45,35,02,05,  57100579,    0
908, Fri, 3,Jun,2016, 07,31,39,23,33,06,10,  50611162,    0
907, Tue,31,May,2016, 06,30,26,48,12,06,07,  41708725,    0
906, Fri,27,May,2016, 46,27,13,43,25,04,08,  35790545,    0
905, Tue,24,May,2016, 37,17,34,16,23,09,06,  28279072,    0
904, Fri,20,May,2016, 41,09,30,14,45,04,09,  23593583,    0
903, Tue,17,May,2016, 32,27,39,36,15,03,10,  16625472,    0
902, Fri,13,May,2016, 31,28,42,15,07,10,11,  11811000,    0
901, Tue,10,May,2016, 40,02,26,27,49,10,05,  57525794,    1
900, Fri, 6,May,2016, 45,48,40,34,32,10,01,  51342488,    0
899, Tue, 3,May,2016, 23,34,08,24,38,03,07,  43360228,    0
898, Fri,29,Apr,2016, 04,25,28,05,43,06,11,  37275721,    0
897, Tue,26,Apr,2016, 10,42,17,32,31,02,05,  28958268,    0
896, Fri,22,Apr,2016, 32,43,26,34,17,02,10,  23868937,    0
895, Tue,19,Apr,2016, 27,14,44,15,11,07,02,  16895105,    0
894, Fri,15,Apr,2016, 13,32,37,14,48,01,07,  11932500,    0
893, Tue,12,Apr,2016, 09,01,05,22,38,10,02,  51818874,    1
892, Fri, 8,Apr,2016, 43,08,49,06,26,10,06,  46258071,    0
891, Tue, 5,Apr,2016, 03,19,40,09,05,05,02,  37762659,    0
890, Fri, 1,Apr,2016, 23,25,02,49,16,06,09,  31942807,    0
889, Tue,29,Mar,2016, 04,25,19,36,01,03,11,  23722612,    0
888, Fri,25,Mar,2016, 43,36,12,42,19,08,05,  18978724,    0
887, Tue,22,Mar,2016, 15,49,12,26,42,05,08,  11845500,    0
886, Fri,18,Mar,2016, 14,49,21,19,24,05,11,  46514105,    1
885, Tue,15,Mar,2016, 07,10,05,44,34,10,02,  38751467,    0
884, Fri,11,Mar,2016, 26,43,01,21,40,09,06,  32729736,    0
883, Tue, 8,Mar,2016, 09,14,23,08,01,07,01,  24864878,    0
882, Fri, 4,Mar,2016, 09,23,40,16,14,01,05,  19432742,    0
881, Tue, 1,Mar,2016, 37,07,28,13,04,11,10,  11698500,    0
880, Fri,26,Feb,2016, 13,50,05,33,15,09,11,  11842500,    1
879, Tue,23,Feb,2016, 42,32,23,25,37,11,01,  24605103,    1
878, Fri,19,Feb,2016, 32,13,14,39,30,03,09,  19006842,    0
877, Tue,16,Feb,2016, 03,22,50,10,37,06,10,  11700000,    0
876, Fri,12,Feb,2016, 31,49,28,20,03,05,02,  24769932,    1
875, Tue, 9,Feb,2016, 09,06,13,28,37,04,05,  17090950,    0
874, Fri, 5,Feb,2016, 46,32,27,03,41,04,08,  11541000,    0
873, Tue, 2,Feb,2016, 36,21,10,06,09,06,02,  11373000,    1
872, Fri,29,Jan,2016, 29,32,23,01,05,01,07,  50382546,    2
871, Tue,26,Jan,2016, 15,40,24,48,38,02,09,  87892394,    0
870, Fri,22,Jan,2016, 27,10,30,47,12,09,08,  79365304,    0
869, Tue,19,Jan,2016, 02,30,38,43,46,07,02,  70146761,    0
868, Fri,15,Jan,2016, 43,38,19,10,46,01,11,  62768100,    0
867, Tue,12,Jan,2016, 02,10,30,44,01,01,08,  52409215,    0
866, Fri, 8,Jan,2016, 35,33,26,40,05,03,08,  46235544,    0
865, Tue, 5,Jan,2016, 36,10,06,39,31,06,10,  36601816,    0
864, Fri, 1,Jan,2016, 44,37,38,39,04,04,07,  31339370,    0
863, Tue,29,Dec,2015, 05,36,32,31,20,06,07,  23871796,    0
862, Fri,25,Dec,2015, 10,27,40,03,25,09,03,  18422340,    0
861, Tue,22,Dec,2015, 19,41,18,40,20,07,10,  11112000,    0
860, Fri,18,Dec,2015, 22,06,26,29,48,05,06,  60657149,    1
859, Tue,15,Dec,2015, 11,27,35,08,23,04,11,  51599368,    0
858, Fri,11,Dec,2015, 43,05,21,03,40,11,06,  45271012,    0
857, Tue, 8,Dec,2015, 48,29,12,38,17,09,11,  37358158,    0
856, Fri, 4,Dec,2015, 17,27,18,39,08,07,01,  31893763,    0
855, Tue, 1,Dec,2015, 35,15,45,25,02,10,08,  23663957,    0
854, Fri,27,Nov,2015, 50,16,30,37,29,06,08,  18467154,    0
853, Tue,24,Nov,2015, 26,14,17,09,16,10,11,  10599000,    0
852, Fri,20,Nov,2015, 34,49,30,46,04,08,07, 114814234,    1
851, Tue,17,Nov,2015, 06,37,23,38,07,11,10, 101384894,    0
850, Fri,13,Nov,2015, 33,10,18,40,17,08,02,  92419190,    0
849, Tue,10,Nov,2015, 43,39,13,06,18,02,08,  79495676,    0
848, Fri, 6,Nov,2015, 26,40,38,17,03,04,10,  71380000,    0
847, Tue, 3,Nov,2015, 39,27,49,08,46,02,06,  39134284,    0
846, Fri,30,Oct,2015, 34,13,17,08,21,06,07,  33935721,    0
845, Tue,27,Oct,2015, 11,20,25,36,12,09,06,  26892567,    0
844, Fri,23,Oct,2015, 25,07,32,39,30,02,08,  22011013,    0
843, Tue,20,Oct,2015, 21,19,30,45,17,08,10,  15634628,    0
842, Fri,16,Oct,2015, 28,43,07,48,29,03,10,  11035500,    0
841, Tue,13,Oct,2015, 26,15,12,47,29,11,03,  11517654,    2
840, Fri, 9,Oct,2015, 43,42,47,40,01,09,11,  18085197,    0
839, Tue, 6,Oct,2015, 22,32,29,11,20,01,08,  11101500,    0
838, Fri, 2,Oct,2015, 21,35,07,32,18,11,02,  11065500,    1
837, Tue,29,Sep,2015, 14,49,26,11,29,03,09,  11152500,    1
836, Fri,25,Sep,2015, 14,37,30,13,23,08,02,  35170064,    1
835, Tue,22,Sep,2015, 27,14,23,29,26,07,10,  27140220,    0
834, Fri,18,Sep,2015, 39,34,33,07,29,08,07,  22450618,    0
833, Tue,15,Sep,2015, 44,08,15,17,49,05,08,  15723801,    0
832, Fri,11,Sep,2015, 19,50,10,29,18,09,01,  11032500,    0
831, Tue, 8,Sep,2015, 42,14,40,39,16,01,04,  22464583,    1
830, Fri, 4,Sep,2015, 27,08,45,09,50,08,10,  17883898,    0
829, Tue, 1,Sep,2015, 06,27,45,19,21,08,01,  11077500,    0
828, Fri,28,Aug,2015, 11,34,30,29,31,04,07,  10908000,    1
827, Tue,25,Aug,2015, 31,33,50,27,42,05,02,  22297655,    1
826, Fri,21,Aug,2015, 47,04,16,18,43,10,06,  17370968,    0
825, Tue,18,Aug,2015, 07,10,19,12,11,02,09,  10582500,    0
824, Fri,14,Aug,2015, 45,04,44,07,39,03,05,  28595278,    1
823, Tue,11,Aug,2015, 02,16,03,15,08,04,11,  21748476,    0
822, Fri, 7,Aug,2015, 01,05,21,44,39,04,11,  17058370,    0
821, Tue, 4,Aug,2015, 50,15,39,10,45,10,09,  10500000,    0
820, Fri,31,Jul,2015, 34,21,16,50,40,06,09,  17564689,    1
819, Tue,28,Jul,2015, 36,23,49,43,32,08,07,  10639500,    0
818, Fri,24,Jul,2015, 21,46,02,09,35,02,11,  28675998,    1
817, Tue,21,Jul,2015, 14,29,44,27,20,10,07,  21651101,    0
816, Fri,17,Jul,2015, 21,48,22,01,43,09,07,  16844082,    0
815, Tue,14,Jul,2015, 34,18,36,19,06,01,08,  10572000,    0
814, Fri,10,Jul,2015, 35,08,15,05,41,05,04,  29461344,    1
813, Tue, 7,Jul,2015, 07,41,33,18,06,10,03,  22161317,    0
812, Fri, 3,Jul,2015, 11,18,44,15,12,03,09,  17408173,    0
811, Tue,30,Jun,2015, 11,28,15,34,37,01,08,  10653000,    0
810, Fri,26,Jun,2015, 10,19,06,03,24,05,07,  17954602,    1
809, Tue,23,Jun,2015, 16,38,04,22,49,06,09,  10669500,    0
808, Fri,19,Jun,2015, 07,14,20,31,42,09,03,  17776969,    1
807, Tue,16,Jun,2015, 15,10,36,16,37,03,09,  10785000,    0
806, Fri,12,Jun,2015, 11,10,37,05,08,09,07,  93388944,    1
805, Tue, 9,Jun,2015, 05,34,17,09,32,08,06,  82265988,    0
804, Fri, 5,Jun,2015, 08,07,02,48,45,09,01,  72850000,    0
803, Tue, 2,Jun,2015, 23,07,41,29,37,01,08,  15874102,    0
802, Fri,29,May,2015, 04,20,48,45,03,08,06,  10791000,    0
801, Tue,26,May,2015, 06,24,07,21,05,06,05,  26656367,    1
800, Fri,22,May,2015, 18,44,35,24,45,05,11,  22169936,    0
799, Tue,19,May,2015, 35,37,31,26,30,11,08,  15476457,    0
798, Fri,15,May,2015, 47,42,44,05,35,09,08,  10932000,    0
797, Tue,12,May,2015, 29,30,14,46,40,03,06,  34276743,    1
796, Fri, 8,May,2015, 14,19,49,07,47,10,03,  29532380,    0
795, Tue, 5,May,2015, 01,17,10,42,20,09,08,  22723433,    0
794, Fri, 1,May,2015, 19,26,20,25,03,06,10,  17749913,    0
793, Tue,28,Apr,2015, 36,24,28,26,45,10,07,  10741500,    0
792, Fri,24,Apr,2015, 31,05,40,29,19,03,10,  36298267,    1
791, Tue,21,Apr,2015, 14,42,17,06,45,08,01,  28100414,    0
790, Fri,17,Apr,2015, 39,02,34,24,30,11,08,  22844230,    0
789, Tue,14,Apr,2015, 49,34,32,24,35,02,01,  15639792,    0
788, Fri,10,Apr,2015, 25,43,22,23,30,05,09,  10876500,    0
787, Tue, 7,Apr,2015, 39,25,50,44,18,08,05,  15679890,    1
786, Fri, 3,Apr,2015, 39,37,49,29,27,04,02,  11055000,    0
785, Tue,31,Mar,2015, 08,28,20,24,49,08,09,  53193914,    1
784, Fri,27,Mar,2015, 30,39,32,44,02,10,06,  47673633,    0
783, Tue,24,Mar,2015, 40,10,39,24,26,03,10,  38975399,    0
782, Fri,20,Mar,2015, 03,14,42,48,37,01,10,  32843195,    0
781, Tue,17,Mar,2015, 11,23,44,38,26,08,01,  24825416,    0
780, Fri,13,Mar,2015, 04,05,22,18,23,03,01,  19376761,    0
779, Tue,10,Mar,2015, 31,30,02,06,23,10,02,  10656000,    0
778, Fri, 6,Mar,2015, 47,30,49,50,23,07,02,  72180000,    1
777, Tue, 3,Mar,2015, 06,21,13,08,11,08,07,  59016205,    0
776, Fri,27,Feb,2015, 17,25,14,05,47,10,09,  52055697,    0
775, Tue,24,Feb,2015, 03,28,25,34,50,01,11,  43197448,    0
774, Fri,20,Feb,2015, 37,46,10,04,14,04,07,  37807029,    0
773, Tue,17,Feb,2015, 05,02,18,43,30,10,01,  30050324,    0
772, Fri,13,Feb,2015, 24,12,39,44,42,03,11,  24682682,    0
771, Tue,10,Feb,2015, 30,45,20,13,17,09,10,  16073137,    0
770, Fri, 6,Feb,2015, 50,30,10,26,39,08,07,  11154000,    0
769, Tue, 3,Feb,2015, 50,44,17,31,33,11,07,  11370000,    1
768, Fri,30,Jan,2015, 09,24,15,13,19,03,08,   5622000,    2
767, Tue,27,Jan,2015, 10,33,05,31,40,10,08,  16266792,    1
766, Fri,23,Jan,2015, 30,45,29,38,06,08,01,  11247000,    0
765, Tue,20,Jan,2015, 33,47,15,41,44,10,08,  12413744,    2
764, Fri,16,Jan,2015, 34,32,29,30,46,06,03,  19476379,    0
763, Tue,13,Jan,2015, 34,31,21,08,17,10,09,  11659500,    0
762, Fri, 9,Jan,2015, 06,32,45,21,24,01,11,  24754047,    1
761, Tue, 6,Jan,2015, 20,38,30,14,49,04,03,  16954080,    0
760, Fri, 2,Jan,2015, 24,25,49,28,22,03,06,  11751000,    0
759, Tue,30,Dec,2014, 06,18,39,50,44,11,08,  11727000,    1
758, Fri,26,Dec,2014, 26,45,27,49,17,02,03,  19781351,    1
757, Tue,23,Dec,2014, 49,25,09,19,08,10,02,  11787000,    0
756, Fri,19,Dec,2014, 39,44,23,29,31,05,08,  11737500,    1
755, Tue,16,Dec,2014, 13,07,03,25,12,05,08,  31462687,    1
754, Fri,12,Dec,2014, 28,02,15,31,37,04,06,  25517469,    0
753, Tue, 9,Dec,2014, 31,01,03,42,46,11,04,  17246777,    0
752, Fri, 5,Dec,2014, 05,08,48,47,37,03,02,  11851500,    0
751, Tue, 2,Dec,2014, 15,25,03,49,44,09,01,  57837341,    1
750, Fri,28,Nov,2014, 10,23,06,41,15,10,04,  51217623,    0
749, Tue,25,Nov,2014, 32,07,36,03,25,01,06,  40715869,    0
748, Fri,21,Nov,2014, 28,32,07,37,04,05,10,  34100271,    0
747, Tue,18,Nov,2014, 03,02,36,38,17,11,04,  26007143,    0
746, Fri,14,Nov,2014, 36,32,38,48,17,08,05,  20235047,    0
745, Tue,11,Nov,2014, 46,14,36,02,21,11,07,  11766000,    0
744, Fri, 7,Nov,2014, 32,13,38,46,25,10,01,  12935936,    2
743, Tue, 4,Nov,2014, 01,13,06,26,17,03,05,  17438916,    0
742, Fri,31,Oct,2014, 10,41,13,20,33,09,03,  11763000,    0
741, Tue,28,Oct,2014, 45,17,40,10,15,01,02,  11848500,    1
740, Fri,24,Oct,2014, 42,20,03,30,09,06,01, 149758000,    1
739, Tue,21,Oct,2014, 40,33,27,20,21,03,10, 143641614,    0
738, Fri,17,Oct,2014, 49,13,48,01,40,08,10, 130128674,    0
737, Tue,14,Oct,2014, 15,23,32,04,05,07,03, 114362313,    0
736, Fri,10,Oct,2014, 29,42,47,45,06,09,10, 101812996,    0
735, Tue, 7,Oct,2014, 38,30,21,09,28,08,01,  88304909,    0
734, Fri, 3,Oct,2014, 13,23,50,48,04,10,05,  78370000,    0
733, Tue,30,Sep,2014, 33,13,15,03,42,05,07,  25668301,    1
732, Fri,26,Sep,2014, 46,35,47,13,27,01,02,  20137574,    0
731, Tue,23,Sep,2014, 13,35,14,29,12,01,07,  11770500,    0
730, Fri,19,Sep,2014, 06,34,08,38,48,09,03,  68362889,    1
729, Tue,16,Sep,2014, 04,30,35,50,29,04,02,  59479470,    0
728, Fri,12,Sep,2014, 31,09,33,26,13,07,11,  52772468,    0
727, Tue, 9,Sep,2014, 15,35,19,08,24,10,08,  44245873,    0
726, Fri, 5,Sep,2014, 18,50,23,46,01,09,03,  37783420,    0
725, Tue, 2,Sep,2014, 39,45,25,31,05,08,01,  29994082,    0
724, Fri,29,Aug,2014, 32,38,26,09,02,03,06,  24464842,    0
723, Tue,26,Aug,2014, 36,48,45,10,22,11,04,  16991311,    0
722, Fri,22,Aug,2014, 29,17,49,35,04,01,02,  12000000,    0
721, Tue,19,Aug,2014, 11,34,47,04,07,07,08,  43584628,    1
720, Fri,15,Aug,2014, 04,21,30,05,23,10,08,  37718167,    0
719, Tue,12,Aug,2014, 22,19,07,16,33,05,02,  30079457,    0
718, Fri, 8,Aug,2014, 29,21,35,46,43,01,09,  24759542,    0
717, Tue, 5,Aug,2014, 05,21,42,07,19,11,05,  17029645,    0
716, Fri, 1,Aug,2014, 50,44,46,48,24,10,05,  11977500,    0
715, Tue,29,Jul,2014, 40,23,35,10,43,09,03,  29815964,    1
714, Fri,25,Jul,2014, 10,24,09,12,43,05,09,  24470875,    0
713, Tue,22,Jul,2014, 01,43,50,45,24,05,08,  16916606,    0
712, Fri,18,Jul,2014, 01,41,43,11,29,03,11,  11878500,    0
711, Tue,15,Jul,2014, 18,27,15,34,20,01,03,  53758144,    1
710, Fri,11,Jul,2014, 38,35,05,49,22,07,04,  47789038,    0
709, Tue, 8,Jul,2014, 24,18,22,08,27,11,04,  39193498,    0
708, Fri, 4,Jul,2014, 47,18,43,39,04,06,02,  33347512,    0
707, Tue, 1,Jul,2014, 39,25,18,22,27,05,10,  25344616,    0
706, Fri,27,Jun,2014, 39,34,45,33,31,02,10,  19914711,    0
705, Tue,24,Jun,2014, 20,01,07,21,48,04,07,  12021000,    0
704, Fri,20,Jun,2014, 05,38,49,15,25,01,02,  19964918,    1
703, Tue,17,Jun,2014, 48,13,37,40,11,08,09,  11983500,    0
702, Fri,13,Jun,2014, 16,22,28,46,18,11,09, 109589905,    1
701, Tue,10,Jun,2014, 12,18,21,33,32,01,11,  95933457,    0
700, Fri, 6,Jun,2014, 34,40,25,07,49,09,11,  86858395,    0
699, Tue, 3,Jun,2014, 02,39,32,15,44,05,10,  72437363,    0
698, Fri,30,May,2014, 27,41,24,45,05,07,06,  64246871,    0
697, Tue,27,May,2014, 16,13,26,25,07,01,06,  54445724,    0
696, Fri,23,May,2014, 31,03,47,08,34,11,09,  48094706,    0
695, Tue,20,May,2014, 38,05,36,33,47,04,09,  39669453,    0
694, Fri,16,May,2014, 26,23,37,29,40,04,03,  33974182,    0
693, Tue,13,May,2014, 47,34,13,30,04,06,02,  25746571,    0
692, Fri, 9,May,2014, 45,28,03,26,21,10,07,  20214823,    0
691, Tue, 6,May,2014, 37,05,19,31,24,09,01,  12321000,    0
690, Fri, 2,May,2014, 30,42,04,31,38,11,02,  73205660,    1
689, Tue,29,Apr,2014, 35,26,18,23,44,03,11,  62955401,    0
688, Fri,25,Apr,2014, 13,49,44,21,24,09,01,  56005506,    0
687, Tue,22,Apr,2014, 20,46,15,24,13,08,01,  46672601,    0
686, Fri,18,Apr,2014, 21,47,31,39,24,03,07,  40962533,    0
685, Tue,15,Apr,2014, 14,50,47,26,03,07,11,  32625427,    0
684, Fri,11,Apr,2014, 08,33,30,12,19,04,11,  26905670,    0
683, Tue, 8,Apr,2014, 42,11,29,18,49,11,04,  17853605,    0
682, Fri, 4,Apr,2014, 50,45,28,06,10,10,11,  12415500,    0
681, Tue, 1,Apr,2014, 44,38,18,16,26,10,08,  12457500,    1
680, Fri,28,Mar,2014, 03,43,19,28,04,03,07,  20942416,    1
679, Tue,25,Mar,2014, 28,50,26,07,20,08,02,  12549000,    0
678, Fri,21,Mar,2014, 37,07,39,30,42,07,05,  21325022,    1
677, Tue,18,Mar,2014, 27,36,34,08,39,05,10,  12603000,    0
676, Fri,14,Mar,2014, 30,24,06,27,25,09,05, 107932603,    1
675, Tue,11,Mar,2014, 01,04,44,33,23,08,07,  93707468,    0
674, Fri, 7,Mar,2014, 38,10,40,05,41,01,08,  82990000,    0
673, Tue, 4,Mar,2014, 03,22,05,27,44,06,01,  12375000,    0
672, Fri,28,Feb,2014, 38,44,32,12,43,02,07,  35072863,    1
671, Tue,25,Feb,2014, 42,21,25,28,35,06,04,  26289565,    0
670, Fri,21,Feb,2014, 28,13,17,30,32,05,07,  20630644,    0
669, Tue,18,Feb,2014, 36,37,26,23,49,06,07,  12378000,    0
668, Fri,14,Feb,2014, 19,39,04,02,06,02,07,  20927566,    1
667, Tue,11,Feb,2014, 47,25,08,17,41,01,02,  12445500,    0
666, Fri, 7,Feb,2014, 17,19,47,03,46,09,10,  21037161,    1
665, Tue, 4,Feb,2014, 37,01,33,21,38,08,04,  12433500,    0
664, Fri,31,Jan,2014, 10,15,31,08,16,08,09,  59249234,    1
663, Tue,28,Jan,2014, 18,23,48,20,42,02,09,  49446896,    0
662, Fri,24,Jan,2014, 19,41,35,34,05,01,05,  43002299,    0
661, Tue,21,Jan,2014, 04,42,35,48,12,05,08,  33466125,    0
660, Fri,17,Jan,2014, 26,19,33,42,32,10,04,  27266155,    0
659, Tue,14,Jan,2014, 25,18,20,26,37,11,10,  18577883,    0
658, Fri,10,Jan,2014, 01,27,02,11,29,10,01,  12453000,    0
657, Tue, 7,Jan,2014, 02,45,20,27,33,06,10,  54123899,    2
656, Fri, 3,Jan,2014, 03,44,27,38,31,03,08,  96289141,    0
655, Tue,31,Dec,2013, 29,45,24,20,13,07,03,  83850382,    0
654, Fri,27,Dec,2013, 01,22,06,13,28,10,05,  72089654,    0
653, Tue,24,Dec,2013, 05,31,43,50,19,06,02,  62469261,    0
652, Fri,20,Dec,2013, 13,22,17,43,12,10,03,  53875274,    0
651, Tue,17,Dec,2013, 41,06,08,37,27,07,10,  44362413,    0
650, Fri,13,Dec,2013, 24,22,23,01,31,06,11,  37664283,    0
649, Tue,10,Dec,2013, 49,50,24,06,35,07,01,  26551498,    0
648, Fri, 6,Dec,2013, 18,31,36,02,01,07,10,  20874773,    0
647, Tue, 3,Dec,2013, 32,06,29,15,13,02,09,  12445500,    0
646, Fri,29,Nov,2013, 10,23,07,02,43,04,07,  12429000,    1
645, Tue,26,Nov,2013, 44,27,23,42,19,05,03,  26863588,    1
644, Fri,22,Nov,2013, 40,26,13,25,50,08,09,  21186645,    0
643, Tue,19,Nov,2013, 45,14,19,36,15,01,10,  12606000,    0
642, Fri,15,Nov,2013, 13,42,03,15,29,04,01,  83830000,    1
641, Tue,12,Nov,2013, 29,48,40,37,14,11,02,  12682500,    0
640, Fri, 8,Nov,2013, 35,20,42,43,28,08,10,   6255000,    2
639, Tue, 5,Nov,2013, 35,38,12,13,06,02,03,  18107224,    1
638, Fri, 1,Nov,2013, 19,33,29,30,07,03,08,  12709500,    0
637, Tue,29,Oct,2013, 32,09,10,30,37,06,02,  12856500,    1
636, Fri,25,Oct,2013, 02,31,38,03,10,06,10,  27080608,    1
635, Tue,22,Oct,2013, 39,33,29,44,41,09,11,  18308847,    0
634, Fri,18,Oct,2013, 25,36,47,46,05,02,06,  12711000,    0
633, Tue,15,Oct,2013, 39,18,27,43,47,07,04,  43086063,    1
632, Fri,11,Oct,2013, 06,17,23,12,43,05,09,  36840020,    0
631, Tue, 8,Oct,2013, 23,24,33,42,26,05,03,  27440665,    0
630, Fri, 4,Oct,2013, 50,35,06,24,20,05,10,  21498731,    0
629, Tue, 1,Oct,2013, 19,44,48,25,23,09,08,  12544500,    0
628, Fri,27,Sep,2013, 41,15,11,38,43,06,02,  55193986,    1
627, Tue,24,Sep,2013, 43,20,10,28,26,09,11,  45405876,    0
626, Fri,20,Sep,2013, 05,11,38,35,45,02,03,  38960567,    0
625, Tue,17,Sep,2013, 44,17,21,42,13,11,09,  29412765,    0
624, Fri,13,Sep,2013, 14,27,06,04,33,10,05,  23253808,    0
623, Tue,10,Sep,2013, 07,28,30,14,11,02,10,  12666000,    0
622, Fri, 6,Sep,2013, 25,11,32,23,37,07,04,  10801883,    2
621, Tue, 3,Sep,2013, 05,18,16,42,09,07,09,  12709500,    0
620, Fri,30,Aug,2013, 45,25,17,36,02,05,09,  10942818,    2
619, Tue,27,Aug,2013, 07,40,38,43,30,06,02,  12931500,    0
618, Fri,23,Aug,2013, 30,37,26,06,01,08,05,  80738985,    1
617, Tue,20,Aug,2013, 42,11,50,49,05,08,11,  68593880,    0
616, Fri,16,Aug,2013, 39,20,24,37,27,05,10,  60621367,    0
615, Tue,13,Aug,2013, 05,20,47,17,50,01,04,  51018937,    0
614, Fri, 9,Aug,2013, 24,04,23,07,09,09,08,  44134518,    0
613, Tue, 6,Aug,2013, 17,47,16,49,31,03,11,  34673271,    0
612, Fri, 2,Aug,2013, 42,36,48,37,21,07,04,  28309281,    0
611, Tue,30,Jul,2013, 03,14,04,11,43,01,06,  19184610,    0
610, Fri,26,Jul,2013, 23,38,29,12,49,04,03,  13081162,    0
609, Tue,23,Jul,2013, 19,14,44,16,15,04,05,  12907500,    1
608, Fri,19,Jul,2013, 24,35,13,26,16,05,02,  12925500,    1
607, Tue,16,Jul,2013, 50,34,47,19,23,04,06,  19201363,    1
606, Fri,12,Jul,2013, 26,42,33,18,32,03,02,  12987000,    0
605, Tue, 9,Jul,2013, 18,16,38,49,31,10,04,  28847237,    1
604, Fri, 5,Jul,2013, 28,04,33,12,15,01,10,  22417687,    0
603, Tue, 2,Jul,2013, 14,13,11,28,30,04,05,  12844500,    0
602, Fri,28,Jun,2013, 15,01,47,28,35,07,01,  12843000,    1
601, Tue,25,Jun,2013, 04,13,35,27,05,02,01,  79779517,    2
600, Fri,21,Jun,2013, 30,11,36,45,10,01,02, 143627629,    0
599, Tue,18,Jun,2013, 24,33,17,41,44,11,01, 125775679,    0
598, Fri,14,Jun,2013, 41,25,48,10,47,06,10, 111780731,    0
597, Tue,11,Jun,2013, 07,09,25,05,41,05,01,  96181290,    0
596, Fri, 7,Jun,2013, 14,26,45,50,07,02,07,  85130000,    0
595, Tue, 4,Jun,2013, 34,33,40,31,37,06,01,  19080295,    0
594, Fri,31,May,2013, 29,43,28,34,27,10,05,  12841500,    0
593, Tue,28,May,2013, 34,38,13,08,26,03,11,  81381673,    1
592, Fri,24,May,2013, 22,17,40,07,27,02,03,  73074352,    0
591, Tue,21,May,2013, 29,19,08,28,07,09,05,  61122965,    0
590, Fri,17,May,2013, 25,24,50,06,20,09,10,  53520165,    0
589, Tue,14,May,2013, 24,07,08,36,27,11,05,  43382876,    0
588, Fri,10,May,2013, 48,35,45,01,32,04,11,  36503084,    0
587, Tue, 7,May,2013, 43,27,13,28,42,04,06,  27337587,    0
586, Fri, 3,May,2013, 05,49,34,03,40,02,03,  21355336,    0
585, Tue,30,Apr,2013, 13,50,40,43,36,09,05,  12727500,    0
584, Fri,26,Apr,2013, 40,38,16,24,11,02,05,  27335676,    1
583, Tue,23,Apr,2013, 50,04,01,07,10,04,11,  18557707,    0
582, Fri,19,Apr,2013, 01,46,08,42,48,04,07,  12874500,    0
581, Tue,16,Apr,2013, 33,50,22,01,11,04,06,  12879000,    1
580, Fri,12,Apr,2013, 28,45,15,05,10,03,09,  22422511,    1
579, Tue, 9,Apr,2013, 15,44,48,38,35,10,05,  12825000,    0
578, Fri, 5,Apr,2013, 32,01,17,39,11,07,02,  11268414,    2
577, Tue, 2,Apr,2013, 17,12,41,29,25,01,04,  12741000,    0
576, Fri,29,Mar,2013, 44,30,46,43,13,09,05, 112017541,    1
575, Tue,26,Mar,2013, 44,30,26,42,04,06,11,  96302211,    0
574, Fri,22,Mar,2013, 27,32,12,34,49,09,08,  85330000,    0
573, Tue,19,Mar,2013, 44,32,19,37,35,09,01,  18770152,    0
572, Fri,15,Mar,2013, 24,14,39,04,21,10,03,  12997500,    0
571, Tue,12,Mar,2013, 50,04,10,02,22,05,08,  13135500,    1
570, Fri, 8,Mar,2013, 20,42,23,28,03,08,11,  45058160,    1
569, Tue, 5,Mar,2013, 33,31,19,08,39,07,02,  34631815,    0
568, Fri, 1,Mar,2013, 01,11,36,29,42,04,05,  28372232,    0
567, Tue,26,Feb,2013, 12,13,17,03,30,06,02,  18874481,    0
566, Fri,22,Feb,2013, 15,37,36,16,28,02,11,  12981000,    0
565, Tue,19,Feb,2013, 28,30,44,12,15,09,08,  52357563,    1
564, Fri,15,Feb,2013, 02,04,42,28,22,04,09,  44855571,    0
563, Tue,12,Feb,2013, 28,25,05,11,16,07,09,  34628142,    0
562, Fri, 8,Feb,2013, 14,44,11,34,09,11,10,  27886637,    0
561, Tue, 5,Feb,2013, 25,06,45,40,31,06,07,  19070109,    0
560, Fri, 1,Feb,2013, 37,05,34,38,21,01,06,  13063500,    0
559, Tue,29,Jan,2013, 09,16,36,26,39,06,02,   6431250,    2
558, Fri,25,Jan,2013, 03,10,37,18,31,02,04,  37772357,    1
557, Tue,22,Jan,2013, 45,10,48,01,44,04,01,  27777897,    0
556, Fri,18,Jan,2013, 39,26,27,30,04,10,03,  21672986,    0
555, Tue,15,Jan,2013, 47,42,22,40,38,11,01,  12441000,    0
554, Fri,11,Jan,2013, 37,22,29,04,41,07,04,  28307149,    1
553, Tue, 8,Jan,2013, 22,26,47,02,20,09,05,  18341712,    0
552, Fri, 4,Jan,2013, 04,10,27,22,41,10,08,  12216000,    0
551, Tue, 1,Jan,2013, 36,49,02,07,08,11,01,  10243449,    3
550, Fri,28,Dec,2012, 26,49,27,24,17,03,05,  21875652,    0
549, Tue,25,Dec,2012, 14,20,32,23,18,03,10,  12322500,    0
548, Fri,21,Dec,2012, 40,05,03,42,22,03,10,  83087699,    1
547, Tue,18,Dec,2012, 35,14,44,18,20,05,02,  70070413,    0
546, Fri,14,Dec,2012, 40,29,11,43,10,11,03,  62293153,    0
545, Tue,11,Dec,2012, 50,04,09,01,43,06,08,  51106703,    0
544, Fri, 7,Dec,2012, 10,18,31,42,16,02,05,  44054164,    0
543, Tue, 4,Dec,2012, 29,05,28,44,10,02,04,  34505412,    0
542, Fri,30,Nov,2012, 18,23,40,24,10,03,04,  27864810,    0
541, Tue,27,Nov,2012, 49,44,06,10,23,07,01,  18165905,    0
540, Fri,23,Nov,2012, 11,20,40,09,01,05,01,  12147000,    0
539, Tue,20,Nov,2012, 42,28,45,30,49,10,05,  18330737,    1
538, Fri,16,Nov,2012, 15,19,41,23,10,02,09,  12039000,    0
537, Tue,13,Nov,2012, 29,11,21,24,16,06,02, 136124363,    1
536, Fri, 9,Nov,2012, 47,28,14,21,22,05,04, 122416477,    0
535, Tue, 6,Nov,2012, 35,25,20,41,07,01,09, 106443387,    0
534, Fri, 2,Nov,2012, 06,10,03,44,11,03,04,  95574746,    0
533, Tue,30,Oct,2012, 23,44,25,24,31,02,03,  82777654,    0
532, Fri,26,Oct,2012, 09,05,06,38,27,05,11,  73585548,    0
531, Tue,23,Oct,2012, 01,35,38,50,28,02,10,  62668378,    0
530, Fri,19,Oct,2012, 16,40,44,37,29,08,10,  55297557,    0
529, Tue,16,Oct,2012, 41,10,40,49,32,02,08,  44407071,    0
528, Fri,12,Oct,2012, 35,07,17,43,06,02,08,  37648529,    0
527, Tue, 9,Oct,2012, 23,08,10,25,02,08,09,  27768213,    0
526, Fri, 5,Oct,2012, 19,16,18,21,09,03,02,  21701658,    0
525, Tue, 2,Oct,2012, 16,42,21,36,04,08,07,  12015000,    0
524, Fri,28,Sep,2012, 20,26,30,33,23,06,09,  79750000,    1
523, Tue,25,Sep,2012, 48,25,27,49,07,01,04,  27120727,    0
522, Fri,21,Sep,2012, 41,04,34,43,19,07,11,  21218945,    0
521, Tue,18,Sep,2012, 38,07,39,44,06,07,09,  12058500,    0
520, Fri,14,Sep,2012, 27,10,44,23,03,09,07,  21511885,    1
519, Tue,11,Sep,2012, 15,06,37,22,44,02,04,  12016500,    0
518, Fri, 7,Sep,2012, 15,35,13,30,42,04,06,  37827315,    1
517, Tue, 4,Sep,2012, 18,39,17,44,11,10,05,  27605924,    0
516, Fri,31,Aug,2012, 31,28,16,48,33,11,07,  21380703,    0
515, Tue,28,Aug,2012, 01,26,25,44,18,05,04,  11914500,    0
514, Fri,24,Aug,2012, 06,05,19,37,12,07,03,  37709047,    1
513, Tue,21,Aug,2012, 17,05,38,04,48,04,03,  27638401,    0
512, Fri,17,Aug,2012, 19,25,33,44,28,08,02,  21173767,    0
511, Tue,14,Aug,2012, 45,16,42,01,38,09,10,  11805000,    0
510, Fri,10,Aug,2012, 50,21,17,48,11,09,10, 148656000,    1
509, Tue, 7,Aug,2012, 20,50,34,46,27,03,02, 151012000,    0
508, Fri, 3,Aug,2012, 34,35,42,24,46,05,01, 142677285,    0
507, Tue,31,Jul,2012, 35,39,04,36,29,09,08, 123419567,    0
506, Fri,27,Jul,2012, 14,15,21,23,48,02,10, 110973507,    0
505, Tue,24,Jul,2012, 18,25,04,16,44,11,01,  87418315,    0
504, Fri,20,Jul,2012, 19,23,10,45,49,09,10,  79035843,    0
503, Tue,17,Jul,2012, 24,02,43,07,46,10,08,  67543388,    0
502, Fri,13,Jul,2012, 18,46,35,25,08,09,04,  60323858,    0
501, Tue,10,Jul,2012, 37,01,24,16,03,08,01,  48445181,    0
500, Fri, 6,Jul,2012, 40,42,38,31,32,03,01,  42076911,    0
499, Tue, 3,Jul,2012, 22,07,02,40,27,06,03,  32812559,    0
498, Fri,29,Jun,2012, 14,17,28,39,29,11,01,  26900432,    0
497, Tue,26,Jun,2012, 11,22,35,20,01,10,08,  17516871,    0
496, Fri,22,Jun,2012, 18,14,19,43,49,07,03,  12117000,    0
495, Tue,19,Jun,2012, 07,17,20,35,50,05,11,  12109500,    1
494, Fri,15,Jun,2012, 48,38,27,22,10,03,07,  10814550,    2
493, Tue,12,Jun,2012, 30,26,48,15,08,09,10,  12043500,    0
492, Fri, 8,Jun,2012, 11,22,05,34,40,09,11,  63837544,    2
491, Tue, 5,Jun,2012, 13,49,37,47,34,08,09, 109315762,    0
490, Fri, 1,Jun,2012, 26,02,36,14,04,09,10,  97123444,    0
489, Tue,29,May,2012, 28,17,25,15,08,03,11,  80806756,    0
488, Fri,25,May,2012, 35,12,22,49,46,02,08,  71823678,    0
487, Tue,22,May,2012, 31,32,41,16,37,07,01,  60290704,    0
486, Fri,18,May,2012, 29,50,43,47,13,09,11,  53068969,    0
485, Tue,15,May,2012, 13,02,50,11,26,05,02,  41232245,    0
484, Fri,11,May,2012, 01,17,13,44,38,02,11,  35495169,    0
483, Tue, 8,May,2012, 03,34,48,38,21,05,08,  26250991,    0
482, Fri, 4,May,2012, 26,41,40,39,03,01,02,  21084008,    0
481, Tue, 1,May,2012, 04,15,41,05,19,11,09,  12258000,    0
480, Fri,27,Apr,2012, 36,43,30,27,20,01,06,  36231900,    1
479, Tue,24,Apr,2012, 08,24,48,43,09,03,05,  26895374,    0
478, Fri,20,Apr,2012, 32,41,29,03,06,11,10,  21345735,    0
477, Tue,17,Apr,2012, 10,28,49,48,33,10,01,  12369000,    0
476, Fri,13,Apr,2012, 08,39,43,13,26,03,05,  44408417,    1
475, Tue,10,Apr,2012, 37,27,22,25,36,09,05,  32603075,    0
474, Fri, 6,Apr,2012, 11,35,45,20,30,02,03,  27033455,    0
473, Tue, 3,Apr,2012, 01,08,18,25,30,10,09,  18087550,    0
472, Fri,30,Mar,2012, 46,17,23,04,36,10,06,  12522000,    0
471, Tue,27,Mar,2012, 29,36,27,34,24,07,08,  12555000,    1
470, Fri,23,Mar,2012, 50,15,09,23,31,08,11,  21827112,    1
469, Tue,20,Mar,2012, 28,30,15,16,46,03,04,  12508500,    0
468, Fri,16,Mar,2012, 12,04,50,03,23,04,07,  38034640,    1
467, Tue,13,Mar,2012, 47,01,25,10,43,08,09,  28201173,    0
466, Fri, 9,Mar,2012, 39,36,32,47,03,06,09,  22200501,    0
465, Tue, 6,Mar,2012, 23,47,27,37,24,06,02,  12525000,    0
464, Fri, 2,Mar,2012, 44,05,11,06,30,06,02,  22198233,    1
463, Tue,28,Feb,2012, 10,48,01,17,33,02,03,  12720000,    0
462, Fri,24,Feb,2012, 34,03,12,26,07,10,08,  46432285,    1
461, Tue,21,Feb,2012, 11,14,24,25,29,07,11,  35142486,    0
460, Fri,17,Feb,2012, 11,04,47,28,38,11,10,  28527269,    0
459, Tue,14,Feb,2012, 36,14,42,46,27,11,08,  18731949,    0
458, Fri,10,Feb,2012, 03,14,31,41,08,07,11,  12565500,    0
457, Tue, 7,Feb,2012, 15,03,17,33,28,02,04,  45160171,    1
456, Fri, 3,Feb,2012, 16,20,19,25,28,01,10,  38388399,    0
455, Tue,31,Jan,2012, 43,34,38,09,45,04,02,  28074424,    0
454, Fri,27,Jan,2012, 10,19,44,13,39,06,02,  22380458,    0
453, Tue,24,Jan,2012, 01,20,06,02,36,11,08,  12523500,    0
452, Fri,20,Jan,2012, 10,28,27,02,22,08,06,  40627241,    1
451, Tue,17,Jan,2012, 12,44,22,30,31,05,06,  30343120,    0
450, Fri,13,Jan,2012, 39,13,21,14,27,08,06,  24189679,    0
449, Tue,10,Jan,2012, 09,04,30,10,40,09,02,  12394500,    0
448, Fri, 6,Jan,2012, 01,06,10,31,12,07,02,  30177623,    2
447, Tue, 3,Jan,2012, 42,30,45,03,49,05,10,  50010872,    0
446, Fri,30,Dec,2011, 36,44,43,16,50,08,07,  43303615,    0
445, Tue,27,Dec,2011, 26,21,25,19,44,07,03,  31879970,    0
444, Fri,23,Dec,2011, 22,07,24,28,21,01,11,  25852188,    0
443, Tue,20,Dec,2011, 14,48,01,09,12,07,01,  12549000,    0
442, Fri,16,Dec,2011, 10,02,23,31,05,05,02,  39175449,    1
441, Tue,13,Dec,2011, 12,37,18,33,07,01,11,  28908882,    0
440, Fri, 9,Dec,2011, 21,12,47,44,29,02,01,  22918879,    0
439, Tue, 6,Dec,2011, 34,21,20,38,19,09,03,  12904500,    0
438, Fri, 2,Dec,2011, 27,40,07,43,30,09,08,  23341756,    1
437, Tue,29,Nov,2011, 25,50,11,45,41,07,02,  12825000,    0
436, Fri,25,Nov,2011, 34,14,26,19,28,05,08,  30126040,    1
435, Tue,22,Nov,2011, 16,40,38,24,18,02,04,  18941023,    0
434, Fri,18,Nov,2011, 39,44,24,04,12,02,04,  12850500,    0
433, Tue,15,Nov,2011, 47,17,22,06,45,03,11,  12817500,    1
432, Fri,11,Nov,2011, 30,18,01,04,23,03,07,  58162735,    1
431, Tue, 8,Nov,2011, 40,15,04,29,01,01,05,  46793457,    0
430, Fri, 4,Nov,2011, 41,50,11,43,14,09,02,  39862087,    0
429, Tue, 1,Nov,2011, 20,45,23,14,46,01,11,  28991611,    0
428, Fri,28,Oct,2011, 39,16,20,17,50,04,08,  23734845,    0
427, Tue,25,Oct,2011, 39,28,22,12,27,04,10,  13059000,    0
426, Fri,21,Oct,2011, 37,19,02,33,46,05,08,  20841014,    2
425, Tue,18,Oct,2011, 46,18,37,48,23,02,10,  30927684,    0
424, Fri,14,Oct,2011, 47,23,12,29,32,03,05,  24130874,    0
423, Tue,11,Oct,2011, 01,04,12,16,48,09,10,  13152000,    0
422, Fri, 7,Oct,2011, 42,34,18,38,26,08,05, 101203601,    1
421, Tue, 4,Oct,2011, 14,16,23,45,38,08,11,  86290000,    0
420, Fri,30,Sep,2011, 28,15,44,31,05,01,06,  13912755,    3
419, Tue,27,Sep,2011, 28,18,40,27,35,03,05,  30913743,    0
418, Fri,23,Sep,2011, 06,33,48,14,34,06,02,  23961854,    0
417, Tue,20,Sep,2011, 25,38,19,09,36,11,07,  13039500,    0
416, Fri,16,Sep,2011, 39,02,42,17,08,03,10,  13108500,    1
415, Tue,13,Sep,2011, 28,32,49,09,30,09,10, 140822522,    1
414, Fri, 9,Sep,2011, 05,21,28,31,34,02,01, 126867263,    0
413, Tue, 6,Sep,2011, 42,35,50,48,47,09,08, 111920466,    0
412, Fri, 2,Sep,2011, 37,12,26,38,44,04,07, 101404135,    0
411, Tue,30,Aug,2011, 46,08,02,10,19,05,09,  87376837,    0
410, Fri,26,Aug,2011, 12,22,25,33,45,05,07,  78976312,    0
409, Tue,23,Aug,2011, 42,50,06,14,04,02,04,  65488523,    0
408, Fri,19,Aug,2011, 16,06,31,28,14,11,02,  58085462,    0
407, Tue,16,Aug,2011, 45,18,01,13,17,08,03,  47058914,    0
406, Fri,12,Aug,2011, 07,20,37,10,27,07,04,  40675287,    0
405, Tue, 9,Aug,2011, 36,24,34,07,23,11,08,  30055771,    0
404, Fri, 5,Aug,2011, 34,32,18,14,13,01,10,  23440309,    0
403, Tue, 2,Aug,2011, 08,33,14,24,05,08,03,  13080000,    0
402, Fri,29,Jul,2011, 37,38,19,27,12,05,10,  23933989,    1
401, Tue,26,Jul,2011, 05,01,25,48,22,11,03,  13272000,    0
400, Fri,22,Jul,2011, 04,50,15,49,23,02,06,   6612750,    2
399, Tue,19,Jul,2011, 16,03,25,35,26,05,09,  20319793,    1
398, Fri,15,Jul,2011, 26,06,33,39,34,03,04,  13173000,    0
397, Tue,12,Jul,2011, 19,17,42,45,38,09,10, 161653000,    1
396, Fri, 8,Jul,2011, 12,13,23,40,49,07,10, 164761000,    0
395, Tue, 5,Jul,2011, 28,47,29,11,49,05,01, 159008879,    0
394, Fri, 1,Jul,2011, 11,23,31,08,46,09,08, 141820902,    0
393, Tue,28,Jun,2011, 16,15,44,30,50,03,02, 120687895,    0
392, Fri,24,Jun,2011, 41,20,05,30,16,11,06, 107428374,    0
391, Tue,21,Jun,2011, 49,50,20,17,35,04,03,  91693456,    0
390, Fri,17,Jun,2011, 11,22,21,16,44,08,03,  82001875,    0
389, Tue,14,Jun,2011, 41,19,48,05,12,08,10,  68132630,    0
388, Fri,10,Jun,2011, 37,20,03,48,19,08,11,  60872491,    0
387, Tue, 7,Jun,2011, 25,38,40,06,36,10,04,  48962688,    0
386, Fri, 3,Jun,2011, 49,40,50,39,04,02,05,  41359053,    0
385, Tue,31,May,2011, 22,09,10,50,01,11,05,  29730067,    0
384, Fri,27,May,2011, 28,09,49,25,17,09,08,  23752200,    0
383, Tue,24,May,2011, 16,23,24,26,29,02,09,  13102500,    0
382, Fri,20,May,2011, 10,14,20,25,42,08,11,  24115451,    1
381, Tue,17,May,2011, 37,20,21,45,46,03,02,  13143000,    0
380, Fri,13,May,2011, 17,47,11,36,09,02,01, 105892179,    1
379, Tue,10,May,2011, 28,03,45,10,15,07,05,  88200000,    0
378, Fri, 6,May,2011, 28,16,20,22,11,04,09,  25227296,    1
377, Fri,29,Apr,2011, 38,40,25,15,41,01,02,  13335000,    0
376, Fri,22,Apr,2011, 22,45,48,11,36,01,04,  38301216,    1
375, Fri,15,Apr,2011, 04,41,06,21,39,02,06,  25974202,    0
374, Fri, 8,Apr,2011, 21,47,23,38,50,06,02,  13275000,    0
373, Fri, 1,Apr,2011, 17,33,22,21,04,04,08,  13269000,    1
372, Fri,25,Mar,2011, 12,21,06,33,27,07,03,  60861008,    2
371, Fri,18,Mar,2011, 50,13,26,01,20,07,06,  94101577,    0
370, Fri,11,Mar,2011, 17,24,37,19,46,02,07,  71628834,    0
369, Fri, 4,Mar,2011, 28,41,25,11,27,08,05,  53278317,    0
368, Fri,25,Feb,2011, 42,45,13,48,12,03,09,  37687076,    0
367, Fri,18,Feb,2011, 45,03,49,15,02,09,05,  24146665,    0
366, Fri,11,Feb,2011, 15,14,12,19,23,07,08,  12714000,    0
365, Fri, 4,Feb,2011, 02,11,24,35,47,05,09,   4873640,    5
364, Fri,28,Jan,2011, 41,24,23,42,13,05,01,  12940500,    0
363, Fri,21,Jan,2011, 21,11,13,03,18,05,04,  12354361,    2
362, Fri,14,Jan,2011, 44,02,24,14,39,07,06,  12657000,    0
361, Fri, 7,Jan,2011, 32,22,01,48,50,07,06,  12487500,    1
360, Fri,31,Dec,2010, 02,24,43,38,34,01,07,  13178614,    1
359, Fri,24,Dec,2010, 46,19,42,36,38,08,02,  16301884,    1
358, Fri,17,Dec,2010, 03,35,29,42,20,03,08,  37234742,    1
357, Fri,10,Dec,2010, 46,02,10,03,33,08,07,  24100215,    0
356, Fri, 3,Dec,2010, 28,32,46,08,19,04,07,  12748500,    0
355, Fri,26,Nov,2010, 09,41,36,49,28,07,05,  38556253,    1
354, Fri,19,Nov,2010, 36,12,15,45,32,09,07,  25874272,    0
353, Fri,12,Nov,2010, 23,47,07,19,29,06,01,  13716650,    0
352, Fri, 5,Nov,2010, 21,23,33,50,40,05,04,  25300621,    1
351, Fri,29,Oct,2010, 32,22,16,42,20,08,09,  13042500,    0
350, Fri,22,Oct,2010, 39,05,11,09,04,03,05,  13115962,    2
349, Fri,15,Oct,2010, 38,31,02,36,43,07,03,  13152000,    0
348, Fri, 8,Oct,2010, 46,35,39,30,09,06,08, 113019926,    1
347, Fri, 1,Oct,2010, 04,27,06,48,01,01,06,  87100000,    0
346, Fri,24,Sep,2010, 01,16,48,04,40,01,09,  12235471,    2
345, Fri,17,Sep,2010, 50,27,38,17,29,03,01,  12558000,    0
344, Fri,10,Sep,2010, 35,41,21,45,17,05,01,  12454500,    1
343, Fri, 3,Sep,2010, 24,49,47,26,13,04,08,  12543000,    1
342, Fri,27,Aug,2010, 13,06,30,01,49,01,09,   6173250,    2
341, Fri,20,Aug,2010, 27,31,05,42,40,06,01,  12202500,    1
340, Fri,13,Aug,2010, 15,09,47,21,04,07,02,   4093500,    3
339, Fri, 6,Aug,2010, 42,28,13,29,25,04,05,  12502500,    1
338, Fri,30,Jul,2010, 39,11,03,04,28,08,02,  23414853,    1
337, Fri,23,Jul,2010, 04,13,35,37,46,03,09,  12592500,    0
336, Fri,16,Jul,2010, 49,46,45,39,38,07,08,  35767540,    1
335, Fri, 9,Jul,2010, 37,09,49,24,39,03,09,  23591586,    0
334, Fri, 2,Jul,2010, 46,41,36,13,12,08,01,  12424500,    0
333, Fri,25,Jun,2010, 18,01,08,28,31,09,08,  23090988,    1
332, Fri,18,Jun,2010, 02,29,31,38,32,04,01,  12540000,    0
331, Fri,11,Jun,2010, 44,02,36,22,24,02,01,  12408000,    1
330, Fri, 4,Jun,2010, 34,42,17,40,04,09,04,  12442500,    1
329, Fri,28,May,2010, 09,31,32,33,04,03,07,  12693000,    1
328, Fri,21,May,2010, 38,19,50,07,30,04,07,  13072500,    1
327, Fri,14,May,2010, 17,31,43,47,01,03,02,  84451321,    1
326, Fri, 7,May,2010, 15,21,06,03,32,07,09,  67967955,    0
325, Fri,30,Apr,2010, 06,36,22,25,24,03,08,  52603784,    0
324, Fri,23,Apr,2010, 46,03,07,08,43,06,08,  38064784,    0
323, Fri,16,Apr,2010, 17,11,26,40,09,09,03,  25378348,    0
322, Fri, 9,Apr,2010, 44,23,24,21,07,03,04,  13177500,    0
321, Fri, 2,Apr,2010, 26,18,12,24,45,05,04,  13339500,    1
320, Fri,26,Mar,2010, 18,37,08,16,43,02,06,  39754555,    1
319, Fri,19,Mar,2010, 38,28,30,39,10,07,02,  26412247,    0
318, Fri,12,Mar,2010, 46,01,26,36,33,07,06,  13633500,    0
317, Fri, 5,Mar,2010, 19,18,49,12,43,09,03,  41706216,    1
316, Fri,26,Feb,2010, 42,11,29,07,18,07,06,  26963008,    0
315, Fri,19,Feb,2010, 37,12,38,31,43,03,02,  13222500,    0
314, Fri,12,Feb,2010, 05,45,01,38,18,06,04,  56008113,    2
313, Fri, 5,Feb,2010, 46,38,34,35,39,03,04,  87570000,    0
312, Fri,29,Jan,2010, 39,43,30,17,09,07,05,  25403095,    1
311, Fri,22,Jan,2010, 04,44,27,22,36,09,07,  13197000,    0
310, Fri,15,Jan,2010, 49,50,26,29,11,04,07,  26151124,    2
309, Fri, 8,Jan,2010, 44,05,14,04,46,09,08,  38666984,    0
308, Fri, 1,Jan,2010, 22,24,27,36,09,07,05,  25315385,    0
307, Fri,25,Dec,2009, 04,17,05,34,14,05,03,  13590000,    0
306, Fri,18,Dec,2009, 49,30,35,32,14,08,03,  52883496,    1
305, Fri,11,Dec,2009, 41,43,44,46,20,02,09,  39585642,    0
304, Fri, 4,Dec,2009, 25,30,19,18,44,03,01,  26301056,    0
303, Fri,27,Nov,2009, 33,15,13,05,08,08,09,  13660500,    0
302, Fri,20,Nov,2009, 47,09,28,05,43,02,09,  13536000,    1
301, Fri,13,Nov,2009, 15,25,32,26,13,04,03,  14839480,    1
300, Fri, 6,Nov,2009, 19,43,45,34,11,05,09,  45570836,    2
299, Fri,30,Oct,2009, 35,09,33,38,40,06,02,  71278155,    0
298, Fri,23,Oct,2009, 20,06,18,29,31,08,02,  55868893,    0
297, Fri,16,Oct,2009, 23,30,31,47,12,03,04,  40391228,    0
296, Fri, 9,Oct,2009, 29,11,46,07,50,04,07,  27066647,    0
295, Fri, 2,Oct,2009, 44,29,24,23,22,05,01,  13764000,    0
294, Fri,25,Sep,2009, 06,21,18,17,34,09,03,  13830000,    1
293, Fri,18,Sep,2009, 30,16,41,38,06,02,04,  90740000,    1
292, Fri,11,Sep,2009, 42,15,12,35,43,06,04,  37805108,    0
291, Fri, 4,Sep,2009, 20,39,06,09,38,09,03,  24942782,    0
290, Fri,28,Aug,2009, 37,41,49,36,08,07,05,  13219500,    0
289, Fri,21,Aug,2009, 16,42,31,07,04,05,03,  32731271,    2
288, Fri,14,Aug,2009, 30,05,08,49,24,09,03,  49372566,    0
287, Fri, 7,Aug,2009, 22,10,31,24,20,07,02,  35727239,    0
286, Fri,31,Jul,2009, 26,09,20,21,05,06,03,  23957846,    0
285, Fri,24,Jul,2009, 15,47,35,25,14,09,05,  13008000,    0
284, Fri,17,Jul,2009, 17,50,08,02,32,03,07,  49802092,    1
283, Fri,10,Jul,2009, 42,20,06,16,46,01,06,  36399342,    0
282, Fri, 3,Jul,2009, 29,47,46,34,21,06,08,  24056336,    0
281, Fri,26,Jun,2009, 21,06,11,39,30,08,02,  12787500,    0
280, Fri,19,Jun,2009, 20,17,16,04,29,07,05,  12853500,    1
279, Fri,12,Jun,2009, 50,14,06,16,34,06,04,  24951269,    2
278, Fri, 5,Jun,2009, 35,19,40,26,11,02,05,  37574774,    0
277, Fri,29,May,2009, 30,47,02,37,05,06,03,  24953014,    0
276, Fri,22,May,2009, 43,04,14,33,13,06,01,  13254000,    0
275, Fri,15,May,2009, 19,08,42,18,20,05,09,  13402500,    1
274, Fri, 8,May,2009, 04,29,23,31,24,09,08, 113229891,    1
273, Fri, 1,May,2009, 38,47,31,19,05,03,05,  88364737,    0
272, Fri,24,Apr,2009, 21,04,24,14,41,05,08,  69762491,    0
271, Fri,17,Apr,2009, 07,04,21,44,47,01,05,  51694404,    0
270, Fri,10,Apr,2009, 37,14,09,46,16,02,04,  38126495,    0
269, Fri, 3,Apr,2009, 46,24,32,20,02,01,09,  25879558,    0
268, Fri,27,Mar,2009, 25,42,36,33,38,06,07,  14082000,    0
267, Fri,20,Mar,2009, 31,12,35,23,16,04,06,  14023690,    2
266, Fri,13,Mar,2009, 36,42,26,12,24,01,04,  14858473,    0
265, Fri, 6,Mar,2009, 13,35,25,17,19,05,06,  45060000,    2
264, Fri,27,Feb,2009, 09,44,05,37,45,09,06,  38191683,    0
263, Fri,20,Feb,2009, 13,48,09,12,14,01,02,  25094625,    0
262, Fri,13,Feb,2009, 33,36,40,22,42,01,02,  13461000,    0
261, Fri, 6,Feb,2009, 36,30,20,40,10,03,05,   6563250,    2
260, Fri,30,Jan,2009, 04,34,35,46,29,05,08,  25509888,    1
259, Fri,23,Jan,2009, 36,49,33,40,32,02,08,  14193000,    0
258, Fri,16,Jan,2009, 50,22,17,03,49,03,06,  13554000,    1
257, Fri, 9,Jan,2009, 22,07,15,28,48,04,01,  50993587,    1
256, Fri, 2,Jan,2009, 48,30,29,37,36,01,06,  38731512,    0
255, Fri,26,Dec,2008, 44,26,02,01,50,01,07,  25725186,    0
254, Fri,19,Dec,2008, 29,50,46,28,40,05,07,  14019000,    0
253, Fri,12,Dec,2008, 02,19,42,28,49,07,02,   6723750,    2
252, Fri, 5,Dec,2008, 35,08,21,45,04,05,08,  12993000,    1
251, Fri,28,Nov,2008, 08,25,11,41,16,04,02,  23209583,    1
250, Fri,21,Nov,2008, 50,49,21,09,14,08,03,  12733500,    0
249, Fri,14,Nov,2008, 14,26,10,08,21,04,03,  12916500,    1
248, Fri, 7,Nov,2008, 09,01,17,12,18,03,04,  12232500,    1
247, Fri,31,Oct,2008, 34,25,03,41,18,05,02,  17036152,    2
246, Fri,24,Oct,2008, 45,07,15,16,17,06,09,  22430836,    0
245, Fri,17,Oct,2008, 50,12,10,03,42,01,05,  11643000,    0
244, Fri,10,Oct,2008, 15,31,22,04,41,06,01,  22911461,    1
243, Fri, 3,Oct,2008, 04,38,13,19,23,02,03,  11697000,    0
242, Fri,26,Sep,2008, 31,29,33,14,37,02,01, 102804000,    0
241, Fri,19,Sep,2008, 14,16,19,31,20,09,06,  11848500,    0
240, Fri,12,Sep,2008, 23,33,37,19,50,07,03,  11902500,    1
239, Fri, 5,Sep,2008, 17,12,39,16,07,03,08,  48247119,    2
238, Fri,29,Aug,2008, 02,20,37,25,39,08,05,  73535143,    0
237, Fri,22,Aug,2008, 50,27,29,39,07,07,05,  56497830,    0
236, Fri,15,Aug,2008, 18,11,17,26,31,06,05,  42652554,    0
235, Fri, 8,Aug,2008, 15,05,16,45,04,07,04,  31572685,    0
234, Fri, 1,Aug,2008, 25,40,22,50,01,01,08,  21278542,    0
233, Fri,25,Jul,2008, 29,07,15,24,11,07,02,  11836500,    0
232, Fri,18,Jul,2008, 16,14,44,10,29,06,05,  11904000,    1
231, Fri,11,Jul,2008, 37,19,11,13,09,03,04,  12022500,    1
230, Fri, 4,Jul,2008, 19,22,48,07,27,07,05,  11887500,    1
229, Fri,27,Jun,2008, 20,44,05,50,26,05,07,  46162270,    1
228, Fri,20,Jun,2008, 11,08,36,37,45,03,05,  34282210,    0
227, Fri,13,Jun,2008, 16,37,44,50,13,09,01,  23643210,    0
226, Fri, 6,Jun,2008, 21,40,19,50,07,02,09,  12021000,    0
225, Fri,30,May,2008, 14,20,49,07,05,08,02,  11785500,    1
224, Fri,23,May,2008, 05,38,09,19,21,01,07,   2989875,    4
223, Fri,16,May,2008, 06,38,09,25,15,04,09,  44376310,    1
222, Fri, 9,May,2008, 08,09,42,40,45,07,06,  32235833,    0
221, Fri, 2,May,2008, 26,48,45,37,02,08,04,  21330632,    0
220, Fri,25,Apr,2008, 04,30,26,19,27,08,03,  11808000,    0
219, Fri,18,Apr,2008, 27,06,07,50,03,05,09,  46291408,    1
218, Fri,11,Apr,2008, 50,30,25,45,06,05,07,  34029801,    0
217, Fri, 4,Apr,2008, 18,37,47,13,11,06,01,  22132109,    0
216, Fri,28,Mar,2008, 39,09,29,05,17,03,06,  11893500,    0
215, Fri,21,Mar,2008, 10,02,22,18,36,06,04,  11700000,    1
214, Fri,14,Mar,2008, 13,48,35,21,25,04,08,  21956568,    1
213, Fri, 7,Mar,2008, 14,17,07,35,02,06,01,  11449500,    0
212, Fri,29,Feb,2008, 37,47,49,40,12,09,02,  11482500,    1
211, Fri,22,Feb,2008, 46,50,04,27,32,08,09,  21828987,    1
210, Fri,15,Feb,2008, 27,45,12,29,46,07,04,  11254500,    0
209, Fri, 8,Feb,2008, 17,38,28,44,30,01,04,  96525000,    0
208, Fri, 1,Feb,2008, 30,49,45,47,22,04,09,  11314500,    0
207, Fri,25,Jan,2008, 02,19,09,45,06,07,08,  56838131,    1
206, Fri,18,Jan,2008, 46,40,16,14,23,08,04,  43043848,    0
205, Fri,11,Jan,2008, 24,36,50,08,49,04,08,  30830593,    0
204, Fri, 4,Jan,2008, 41,24,10,12,25,03,05,  20174823,    0
203, Fri,28,Dec,2007, 45,31,20,22,21,09,07,  11092500,    0
202, Fri,21,Dec,2007, 37,07,44,28,09,07,06,  20144622,    1
201, Fri,14,Dec,2007, 08,30,36,25,44,04,03,  10765500,    0
200, Fri, 7,Dec,2007, 48,43,04,02,32,01,07,  19829479,    1
199, Fri,30,Nov,2007, 38,20,12,19,30,09,07,  10713000,    0
198, Fri,23,Nov,2007, 22,02,48,29,10,09,03,  19779134,    1
197, Fri,16,Nov,2007, 23,18,33,37,09,01,08,  10744500,    0
196, Fri, 9,Nov,2007, 14,25,36,05,22,06,05,   5283750,    2
195, Fri, 2,Nov,2007, 40,16,03,19,18,02,01,  28675991,    1
194, Fri,26,Oct,2007, 20,07,38,40,43,08,01,  19424115,    0
193, Fri,19,Oct,2007, 07,18,34,35,40,07,08,  10515000,    0
192, Fri,12,Oct,2007, 36,47,21,32,46,03,04,   5250000,    2
191, Fri, 5,Oct,2007, 20,27,35,44,11,05,02,   2085000,    5
190, Fri,28,Sep,2007, 22,34,44,30,35,04,05,  89986000,    0
189, Fri,21,Sep,2007, 35,37,17,01,32,08,01,  19075668,    1
188, Fri,14,Sep,2007, 33,29,05,09,11,07,09,  10407000,    0
187, Fri, 7,Sep,2007, 42,03,34,02,33,05,03,  10222500,    1
186, Fri,31,Aug,2007, 22,37,23,18,06,06,05,  26533768,    1
185, Fri,24,Aug,2007, 16,03,42,01,48,02,03,  18180933,    0
184, Fri,17,Aug,2007, 02,13,42,03,38,07,08,  10245000,    0
183, Fri,10,Aug,2007, 40,43,49,42,23,06,02,  35425412,    1
182, Fri, 3,Aug,2007, 41,33,37,30,10,01,08,  26567438,    0
181, Fri,27,Jul,2007, 04,29,21,01,41,08,07,  18065039,    0
180, Fri,20,Jul,2007, 50,26,10,21,25,09,04,  10129500,    0
179, Fri,13,Jul,2007, 13,09,31,15,48,06,03,  38751123,    1
178, Fri, 6,Jul,2007, 39,41,04,19,05,09,08,  27130830,    0
177, Fri,29,Jun,2007, 28,08,33,45,12,01,03,  18141468,    0
176, Fri,22,Jun,2007, 22,17,16,11,34,05,06,  10143000,    0
175, Fri,15,Jun,2007, 05,14,40,07,21,03,08,  18315755,    1
174, Fri, 8,Jun,2007, 15,17,25,45,01,08,02,  10227000,    0
173, Fri, 1,Jun,2007, 22,41,42,37,06,06,09,  10213500,    1
172, Fri,25,May,2007, 49,26,50,29,25,08,07,  10198500,    1
171, Fri,18,May,2007, 49,37,34,26,39,02,06,  10300500,    1
170, Fri,11,May,2007, 12,26,49,07,29,06,02,  12184606,    3
169, Fri, 4,May,2007, 17,41,35,06,45,01,05,  27129600,    0
168, Fri,27,Apr,2007, 44,18,07,36,27,01,02,  18412118,    0
167, Fri,20,Apr,2007, 41,26,32,45,23,03,07,  10222500,    0
166, Fri,13,Apr,2007, 20,41,38,07,25,03,07,  10255500,    1
165, Fri, 6,Apr,2007, 41,48,29,23,15,06,03,  18409444,    1
164, Fri,30,Mar,2007, 19,09,46,17,41,01,08,  10222500,    0
163, Fri,23,Mar,2007, 43,17,05,40,13,03,01,  27883920,    1
162, Fri,16,Mar,2007, 45,04,31,49,14,09,04,  19068212,    0
161, Fri, 9,Mar,2007, 43,25,03,02,48,09,06,  10222500,    0
160, Fri, 2,Mar,2007, 03,16,48,34,38,08,05,  14407661,    2
159, Fri,23,Feb,2007, 20,02,22,18,15,05,02,  19003239,    0
158, Fri,16,Feb,2007, 19,39,20,50,08,06,09,  10147500,    0
157, Fri, 9,Feb,2007, 36,16,46,30,14,08,02,  66980000,    1
156, Fri, 2,Feb,2007, 36,14,27,23,30,01,06,  17980945,    1
155, Fri,26,Jan,2007, 38,11,23,15,30,04,09,   9925500,    0
154, Fri,19,Jan,2007, 27,05,13,33,42,04,02,   9892500,    1
153, Fri,12,Jan,2007, 14,08,25,19,11,03,05,   9931500,    1
152, Fri, 5,Jan,2007, 17,45,36,29,19,06,05,  26508665,    2
151, Fri,29,Dec,2006, 14,09,06,13,35,03,04,  45347820,    0
150, Fri,22,Dec,2006, 20,11,43,09,38,02,03,  35802728,    0
149, Fri,15,Dec,2006, 35,37,09,42,23,03,07,  26717930,    0
148, Fri, 8,Dec,2006, 47,36,17,16,18,01,02,  18316018,    0
147, Fri, 1,Dec,2006, 16,37,08,41,04,02,05,  10155000,    0
146, Fri,24,Nov,2006, 08,05,40,25,17,05,01,   5061750,    2
145, Fri,17,Nov,2006, 36,12,33,22,32,02,06,   6750278,   20
144, Fri,10,Nov,2006, 36,30,14,27,21,02,03, 103732783,    0
143, Fri, 3,Nov,2006, 13,11,44,24,49,09,03,  88344099,    0
142, Fri,27,Oct,2006, 03,50,44,04,08,08,07,  76340225,    0
141, Fri,20,Oct,2006, 10,34,47,19,45,06,03,  65142684,    0
140, Fri,13,Oct,2006, 02,32,38,41,25,05,03,  56070560,    0
139, Fri, 6,Oct,2006, 05,35,11,22,38,07,08,  46854371,    0
138, Fri,29,Sep,2006, 01,03,24,06,18,05,08,  40239985,    0
137, Fri,22,Sep,2006, 30,45,49,29,10,08,03,  31939763,    0
136, Fri,15,Sep,2006, 10,49,26,06,16,07,09,  24337182,    0
135, Fri, 8,Sep,2006, 12,10,32,33,01,08,01,  17240142,    0
134, Fri, 1,Sep,2006, 25,50,07,45,03,09,06,  10155000,    0
133, Fri,25,Aug,2006, 47,10,28,48,40,08,06,  39013160,    1
132, Fri,18,Aug,2006, 37,40,50,12,39,01,02,  31392520,    0
131, Fri,11,Aug,2006, 47,31,46,28,27,05,02,  23807666,    0
130, Fri, 4,Aug,2006, 26,15,32,14,01,07,03,  16954778,    0
129, Fri,28,Jul,2006, 03,43,29,08,12,06,07,  10326000,    0
128, Fri,21,Jul,2006, 50,04,38,02,09,08,06,  17191693,    1
127, Fri,14,Jul,2006, 01,31,07,17,36,08,02,  10374000,    0
126, Fri, 7,Jul,2006, 35,09,07,43,18,07,05,  23809497,    2
125, Fri,30,Jun,2006, 16,06,15,40,43,01,02,  40812950,    0
124, Fri,23,Jun,2006, 44,30,09,21,43,09,01,  32403049,    0
123, Fri,16,Jun,2006, 26,36,01,16,30,09,03,  24499898,    0
122, Fri, 9,Jun,2006, 03,34,39,15,12,04,06,  17366509,    0
121, Fri, 2,Jun,2006, 41,07,48,27,08,06,01,  10335000,    0
120, Fri,26,May,2006, 21,41,12,02,49,03,07,   5163000,    2
119, Fri,19,May,2006, 49,34,25,03,05,08,05,  10137000,    1
118, Fri,12,May,2006, 23,05,20,34,50,01,05,   8794649,    2
117, Fri, 5,May,2006, 08,50,16,04,14,09,03,  10320000,    0
116, Fri,28,Apr,2006, 17,05,33,22,10,07,05,   4492567,    4
115, Fri,21,Apr,2006, 46,01,22,20,37,01,09,  10440000,    0
114, Fri,14,Apr,2006, 34,35,26,16,49,06,02,  17804198,    1
113, Fri, 7,Apr,2006, 13,12,29,50,44,04,05,  10485000,    0
112, Fri,31,Mar,2006, 50,03,45,20,31,07,06,  53102939,    1
111, Fri,24,Mar,2006, 17,47,28,33,35,04,09,  45191782,    0
110, Fri,17,Mar,2006, 50,44,05,45,32,07,01,  36196725,    0
109, Fri,10,Mar,2006, 01,33,21,45,49,04,08,  26351576,    0
108, Fri, 3,Mar,2006, 05,44,10,08,03,03,05,  18470476,    0
107, Fri,24,Feb,2006, 18,19,01,47,11,07,03,  10255500,    0
106, Fri,17,Feb,2006, 04,23,38,24,26,04,02,  19180108,    1
105, Fri,10,Feb,2006, 05,38,06,48,50,06,07,  10296000,    0
104, Fri, 3,Feb,2006, 30,39,09,21,50,03,01,  42019877,    3
103, Fri,27,Jan,2006, 09,21,15,40,49,04,01, 105412292,    0
102, Fri,20,Jan,2006, 15,12,50,33,44,06,02,  87820908,    0
101, Fri,13,Jan,2006, 12,19,33,34,08,01,06,  73898698,    0
100, Fri, 6,Jan,2006, 06,26,14,09,02,04,05,  61801800,    0
 99, Fri,30,Dec,2005, 19,45,43,08,16,01,04,  53342474,    0
 98, Fri,23,Dec,2005, 31,42,37,36,15,01,07,  45483082,    0
 97, Fri,16,Dec,2005, 02,18,03,15,32,07,06,  38305717,    0
 96, Fri, 9,Dec,2005, 11,42,38,35,18,01,05,  30453067,    0
 95, Fri, 2,Dec,2005, 01,30,20,09,23,04,07,  23443437,    0
 94, Fri,25,Nov,2005, 27,39,47,06,01,06,01,  16846594,    0
 93, Fri,18,Nov,2005, 34,17,18,48,25,03,02,  10312500,    0
 92, Fri,11,Nov,2005, 41,16,36,42,15,05,03,  30453995,    1
 91, Fri, 4,Nov,2005, 38,42,36,37,26,02,06,  23432048,    0
 90, Fri,28,Oct,2005, 14,50,47,44,36,03,05,  16727964,    0
 89, Fri,21,Oct,2005, 19,14,33,01,29,01,08,  10143000,    0
 88, Fri,14,Oct,2005, 10,19,11,23,20,06,01,  10215000,    1
 87, Fri, 7,Oct,2005, 02,13,21,26,44,03,09,   5167500,    2
 86, Fri,30,Sep,2005, 06,11,47,48,50,01,06,   4255018,    4
 85, Fri,23,Sep,2005, 01,31,34,26,47,04,09,  10200000,    0
 84, Fri,16,Sep,2005, 19,38,12,13,21,03,09,  51513123,    1
 83, Fri, 9,Sep,2005, 31,12,50,19,08,07,06,  44899448,    0
 82, Fri, 2,Sep,2005, 43,03,04,50,14,03,06,  39270421,    0
 81, Fri,26,Aug,2005, 29,35,40,41,09,06,01,  31534575,    0
 80, Fri,19,Aug,2005, 41,29,11,24,31,03,01,  24045393,    0
 79, Fri,12,Aug,2005, 37,23,40,15,30,07,09,  17327035,    0
 78, Fri, 5,Aug,2005, 21,11,02,22,30,04,06,  10443000,    0
 77, Fri,29,Jul,2005, 50,03,19,49,26,05,04,  79881799,    1
 76, Fri,22,Jul,2005, 49,14,41,03,48,01,04,  67927336,    0
 75, Fri,15,Jul,2005, 42,23,01,11,12,06,03,  57176654,    0
 74, Fri, 8,Jul,2005, 42,46,36,35,49,08,02,  48784765,    0
 73, Fri, 1,Jul,2005, 23,28,05,04,25,03,04,  40827016,    0
 72, Fri,24,Jun,2005, 06,15,08,14,45,07,08,  34370581,    0
 71, Fri,17,Jun,2005, 08,04,10,21,18,07,01,  28094862,    0
 70, Fri,10,Jun,2005, 37,32,47,07,06,07,01,  21734699,    0
 69, Fri, 3,Jun,2005, 08,11,03,17,50,05,01,  15902687,    0
 68, Fri,27,May,2005, 50,48,31,02,24,09,04,  10402500,    0
 67, Fri,20,May,2005, 28,06,47,07,13,08,05,  29611179,    1
 66, Fri,13,May,2005, 12,40,31,17,32,09,02,  22628469,    0
 65, Fri, 6,May,2005, 44,21,12,07,26,06,08,  15917412,    0
 64, Fri,29,Apr,2005, 42,35,09,03,39,01,08,  10155000,    0
 63, Fri,22,Apr,2005, 13,10,24,47,03,09,05,   8128286,    2
 62, Fri,15,Apr,2005, 06,31,42,38,28,09,03,  10278000,    0
 61, Fri, 8,Apr,2005, 31,50,25,11,07,03,01,  43951166,    1
 60, Fri, 1,Apr,2005, 26,44,47,25,41,03,07,  36934606,    0
 59, Fri,25,Mar,2005, 04,29,33,37,38,06,09,  31323139,    0
 58, Fri,18,Mar,2005, 48,39,23,06,43,05,07,  24623504,    0
 57, Fri,11,Mar,2005, 40,12,43,23,08,01,04,  18499838,    0
 56, Fri, 4,Mar,2005, 12,32,37,39,24,07,09,  12348100,    0
 55, Fri,25,Feb,2005, 43,03,27,44,30,08,04,   6907000,    0
 54, Fri,18,Feb,2005, 32,46,20,21,26,08,09,   6903000,    1
 53, Fri,11,Feb,2005, 11,13,25,32,50,07,04,  23978705,    1
 52, Fri, 4,Feb,2005, 11,01,40,30,08,07,08,  17823072,    0
 51, Fri,28,Jan,2005, 26,21,07,43,45,05,07,  12275202,    0
 50, Fri,21,Jan,2005, 12,14,10,26,24,08,05,   6970000,    0
 49, Fri,14,Jan,2005, 11,14,29,06,19,03,01,   9148089,    2
 48, Fri, 7,Jan,2005, 50,27,47,03,23,03,02,  12408063,    0
 47, Fri,31,Dec,2004, 08,07,47,25,24,08,09,   7074000,    0
 46, Fri,24,Dec,2004, 03,27,29,04,37,06,05,   7037000,    1
 45, Fri,17,Dec,2004, 49,22,19,15,46,09,02,  17973434,    1
 44, Fri,10,Dec,2004, 03,13,43,01,16,07,02,  12388642,    0
 43, Fri, 3,Dec,2004, 15,42,11,01,49,04,03,   6945000,    0
 42, Fri,26,Nov,2004, 24,01,34,04,36,08,06,  30738943,    1
 41, Fri,19,Nov,2004, 37,29,34,18,01,06,02,  23523322,    0
 40, Fri,12,Nov,2004, 12,13,04,32,11,09,03,  17364782,    0
 39, Fri, 5,Nov,2004, 25,42,49,19,06,01,07,  12066841,    0
 38, Fri,29,Oct,2004, 32,01,38,35,08,09,04,   6967000,    0
 37, Fri,22,Oct,2004, 09,25,01,40,23,03,09,  17398554,    1
 36, Fri,15,Oct,2004, 37,21,14,43,22,05,08,  11885938,    0
 35, Fri, 8,Oct,2004, 12,10,48,01,16,02,06,   6950000,    0
 34, Fri, 1,Oct,2004, 48,20,45,21,12,06,05,  20656084,    1
 33, Fri,24,Sep,2004, 48,21,26,27,44,01,07,  17853153,    0
 32, Fri,17,Sep,2004, 41,39,15,18,29,08,05,  15652287,    0
 31, Fri,10,Sep,2004, 05,38,36,25,33,05,02,  13705824,    0
 30, Fri, 3,Sep,2004, 14,12,15,34,08,07,06,  11745718,    0
 29, Fri,27,Aug,2004, 28,01,44,22,11,01,09,   9880576,    0
 28, Fri,20,Aug,2004, 27,10,35,09,06,06,08,   8372421,    0
 27, Fri,13,Aug,2004, 27,20,41,43,50,08,05,   6740000,    0
 26, Fri, 6,Aug,2004, 05,35,44,15,24,06,05,  16568021,    1
 25, Fri,30,Jul,2004, 50,10,09,19,37,06,01,  14603161,    0
 24, Fri,23,Jul,2004, 10,27,07,34,31,08,03,  12787495,    0
 23, Fri,16,Jul,2004, 26,50,31,24,38,08,05,  11275186,    0
 22, Fri, 9,Jul,2004, 44,19,05,12,02,08,09,   9720341,    0
 21, Fri, 2,Jul,2004, 04,28,24,23,34,01,03,   8214347,    0
 20, Fri,25,Jun,2004, 30,21,35,03,34,01,02,   6685000,    0
 19, Fri,18,Jun,2004, 28,02,40,23,43,06,02,   8140055,    1
 18, Fri,11,Jun,2004, 07,02,47,10,08,01,07,   6580000,    0
 17, Fri, 4,Jun,2004, 41,42,34,13,09,07,03,   8735476,    1
 16, Fri,28,May,2004, 41,44,06,35,11,06,05,   6712000,    0
 15, Fri,21,May,2004, 37,39,29,15,49,04,09,   6712000,    1
 14, Fri,14,May,2004, 32,03,01,39,21,02,06,  22849563,    1
 13, Fri, 7,May,2004, 38,36,15,16,21,01,05,  19983000,    0
 12, Fri,30,Apr,2004, 27,16,06,05,23,07,06,  16887500,    0
 11, Fri,23,Apr,2004, 45,21,06,49,10,05,03,  13390000,    0
 10, Fri,16,Apr,2004, 28,40,14,15,35,03,01,  10027500,    0
  9, Fri, 9,Apr,2004, 23,19,10,01,04,02,08,  16752145,    1
  8, Fri, 2,Apr,2004, 04,24,12,36,27,02,09,  15183435,    0
  7, Fri,26,Mar,2004, 23,43,03,04,10,02,04,  13451480,    0
  6, Fri,19,Mar,2004, 42,45,33,37,36,09,04,  11696661,    0
  5, Fri,12,Mar,2004, 44,47,15,28,24,04,05,  10171500,    0
  4, Fri, 5,Mar,2004, 39,37,04,07,33,05,01,  13870849,    1
  3, Fri,27,Feb,2004, 37,19,18,14,31,05,04,  11880304,    0
  2, Fri,20,Feb,2004, 13,50,47,07,39,02,05,  10111500,    0
  1, Fri,13,Feb,2004, 32,16,29,41,36,09,07,  10143000,    1
